observation_date,brent_price
2008/1/2,97.01
2008/1/3,98.45
2008/1/4,96.87
2008/1/7,94.19
2008/1/8,96.37
2008/1/9,96.76
2008/1/10,92.8
2008/1/11,91.86
2008/1/14,92.58
2008/1/15,90.87
2008/1/16,88.1
2008/1/17,88.96
2008/1/18,89.66
2008/1/21,
2008/1/22,88.11
2008/1/23,87.06
2008/1/24,87.69
2008/1/25,90.96
2008/1/28,90.91
2008/1/29,92.49
2008/1/30,92.46
2008/1/31,91.58
2008/2/1,91.41
2008/2/4,91.09
2008/2/5,89.6
2008/2/6,88.73
2008/2/7,88.55
2008/2/8,91.45
2008/2/11,93.93
2008/2/12,94.28
2008/2/13,93.82
2008/2/14,95.92
2008/2/15,96.96
2008/2/18,
2008/2/19,97.03
2008/2/20,97.88
2008/2/21,97.52
2008/2/22,96.07
2008/2/25,97.43
2008/2/26,99.05
2008/2/27,98.28
2008/2/28,99.83
2008/2/29,100.9
2008/3/3,101.83
2008/3/4,98.6
2008/3/5,100.95
2008/3/6,103.47
2008/3/7,104.66
2008/3/10,105.33
2008/3/11,106.78
2008/3/12,107.99
2008/3/13,109.18
2008/3/14,109.16
2008/3/17,104.41
2008/3/18,105.35
2008/3/19,102.65
2008/3/20,99.78
2008/3/21,
2008/3/24,100.93
2008/3/25,99.91
2008/3/26,102.83
2008/3/27,103.89
2008/3/28,102.68
2008/3/31,102.33
2008/4/1,98.69
2008/4/2,98.85
2008/4/3,102.31
2008/4/4,102.21
2008/4/7,105.98
2008/4/8,105.05
2008/4/9,107.46
2008/4/10,107.37
2008/4/11,107.15
2008/4/14,108.32
2008/4/15,110.84
2008/4/16,110.95
2008/4/17,111.34
2008/4/18,110.67
2008/4/21,111.35
2008/4/22,113.54
2008/4/23,115.34
2008/4/24,114.85
2008/4/25,116.62
2008/4/28,115.7
2008/4/29,113.86
2008/4/30,111.12
2008/5/1,107.3
2008/5/2,111.92
2008/5/5,115.68
2008/5/6,119.88
2008/5/7,120.27
2008/5/8,119.85
2008/5/9,123.54
2008/5/12,122.89
2008/5/13,123.11
2008/5/14,121.18
2008/5/15,122.76
2008/5/16,122.98
2008/5/19,122.19
2008/5/20,124.12
2008/5/21,127.28
2008/5/22,129.04
2008/5/23,129.72
2008/5/26,
2008/5/27,128.92
2008/5/28,128.93
2008/5/29,129.33
2008/5/30,127.85
2008/6/2,128.5
2008/6/3,126.28
2008/6/4,121.72
2008/6/5,122.36
2008/6/6,132.81
2008/6/9,134.43
2008/6/10,135.24
2008/6/11,134.52
2008/6/12,132.11
2008/6/13,134.29
2008/6/16,133.9
2008/6/17,131.27
2008/6/18,129.12
2008/6/19,131.84
2008/6/20,134.28
2008/6/23,134.54
2008/6/24,135.37
2008/6/25,131.59
2008/6/26,136.82
2008/6/27,139.38
2008/6/30,138.4
2008/7/1,140.67
2008/7/2,141.24
2008/7/3,143.95
2008/7/4,
2008/7/7,139.62
2008/7/8,134.15
2008/7/9,133.91
2008/7/10,135.81
2008/7/11,143.68
2008/7/14,142.43
2008/7/15,136.02
2008/7/16,133.31
2008/7/17,134.16
2008/7/18,129.34
2008/7/21,129.34
2008/7/22,127.18
2008/7/23,126.86
2008/7/24,125.43
2008/7/25,124.7
2008/7/28,125.67
2008/7/29,125.77
2008/7/30,122.46
2008/7/31,124.1
2008/8/1,124.16
2008/8/4,121.87
2008/8/5,116.5
2008/8/6,114.47
2008/8/7,116.94
2008/8/8,113.03
2008/8/11,110.54
2008/8/12,108.98
2008/8/13,110.68
2008/8/14,111.82
2008/8/15,108.8
2008/8/18,109.33
2008/8/19,109.02
2008/8/20,108.72
2008/8/21,117.24
2008/8/22,113.99
2008/8/25,109.74
2008/8/26,112.2
2008/8/27,113.05
2008/8/28,113.54
2008/8/29,113.49
2008/9/1,
2008/9/2,104.94
2008/9/3,103.88
2008/9/4,103.41
2008/9/5,102.51
2008/9/8,101.08
2008/9/9,98.94
2008/9/10,96
2008/9/11,96.01
2008/9/12,94.37
2008/9/15,90.45
2008/9/16,85.85
2008/9/17,86.09
2008/9/18,90.89
2008/9/19,93.46
2008/9/22,100.43
2008/9/23,100.72
2008/9/24,102.09
2008/9/25,100.45
2008/9/26,100.88
2008/9/29,95.96
2008/9/30,93.52
2008/10/1,92.19
2008/10/2,88.88
2008/10/3,88.95
2008/10/6,84.71
2008/10/7,83.17
2008/10/8,80.77
2008/10/9,81.65
2008/10/10,74.58
2008/10/13,74.37
2008/10/14,74.98
2008/10/15,66.86
2008/10/16,64.14
2008/10/17,66.05
2008/10/20,67.45
2008/10/21,65.99
2008/10/22,62.95
2008/10/23,65.06
2008/10/24,60.57
2008/10/27,59.34
2008/10/28,58.87
2008/10/29,64
2008/10/30,60.86
2008/10/31,60
2008/11/3,60.32
2008/11/4,62.78
2008/11/5,61.09
2008/11/6,56.14
2008/11/7,56.84
2008/11/10,57.08
2008/11/11,54.76
2008/11/12,52.47
2008/11/13,51.32
2008/11/14,50.7
2008/11/17,50.82
2008/11/18,49.1
2008/11/19,48.35
2008/11/20,45.79
2008/11/21,44.91
2008/11/24,49.51
2008/11/25,47.51
2008/11/26,49.39
2008/11/27,
2008/11/28,47.72
2008/12/1,47.58
2008/12/2,45.64
2008/12/3,44.39
2008/12/4,43.83
2008/12/5,37.04
2008/12/8,40.02
2008/12/9,39.77
2008/12/10,39.34
2008/12/11,43.54
2008/12/12,42.38
2008/12/15,45.02
2008/12/16,42
2008/12/17,41.84
2008/12/18,40.19
2008/12/19,39.52
2008/12/22,38.08
2008/12/23,35.27
2008/12/24,34.45
2008/12/25,
2008/12/26,33.73
2008/12/29,34.16
2008/12/30,35.22
2008/12/31,35.82
2009/1/1,
2009/1/2,42.94
2009/1/5,45.84
2009/1/6,48.89
2009/1/7,46.23
2009/1/8,42.94
2009/1/9,42.34
2009/1/12,40.86
2009/1/13,43.05
2009/1/14,42.27
2009/1/15,42.32
2009/1/16,43.42
2009/1/19,
2009/1/20,41.22
2009/1/21,39.9
2009/1/22,42.42
2009/1/23,43.13
2009/1/26,48
2009/1/27,42.86
2009/1/28,42.86
2009/1/29,43.13
2009/1/30,44.17
2009/2/2,42.96
2009/2/3,43.15
2009/2/4,43.68
2009/2/5,43.92
2009/2/6,44.49
2009/2/9,47.23
2009/2/10,45.88
2009/2/11,44.24
2009/2/12,47.23
2009/2/13,43.36
2009/2/16,
2009/2/17,39.69
2009/2/18,39.41
2009/2/19,42.36
2009/2/20,42.19
2009/2/23,41.27
2009/2/24,40.18
2009/2/25,42.37
2009/2/26,45.15
2009/2/27,44.41
2009/3/2,42.6
2009/3/3,42.72
2009/3/4,46.07
2009/3/5,44.45
2009/3/6,43.48
2009/3/9,44.55
2009/3/10,44.99
2009/3/11,43.2
2009/3/12,42.19
2009/3/13,44.97
2009/3/16,44.12
2009/3/17,45.53
2009/3/18,45.22
2009/3/19,48.03
2009/3/20,49.27
2009/3/23,51.84
2009/3/24,51.32
2009/3/25,51.46
2009/3/26,51.89
2009/3/27,50.81
2009/3/30,49.05
2009/3/31,46.13
2009/4/1,45.92
2009/4/2,50.89
2009/4/3,50.48
2009/4/6,50.91
2009/4/7,50.62
2009/4/8,52.06
2009/4/9,52.33
2009/4/10,
2009/4/13,50.73
2009/4/14,52.06
2009/4/15,51.31
2009/4/16,51.83
2009/4/17,52.02
2009/4/20,49.06
2009/4/21,48.69
2009/4/22,48.5
2009/4/23,48.29
2009/4/24,50.29
2009/4/27,48.67
2009/4/28,48.64
2009/4/29,50.22
2009/4/30,50.3
2009/5/1,51.75
2009/5/4,53.26
2009/5/5,53.16
2009/5/6,55.07
2009/5/7,56.63
2009/5/8,56.02
2009/5/11,55.99
2009/5/12,56.52
2009/5/13,56.84
2009/5/14,56.25
2009/5/15,56.33
2009/5/18,56.51
2009/5/19,57.12
2009/5/20,59.1
2009/5/21,58.02
2009/5/22,58.7
2009/5/25,
2009/5/26,59.05
2009/5/27,61.28
2009/5/28,63.47
2009/5/29,64.98
2009/6/1,66.6
2009/6/2,67.67
2009/6/3,66.15
2009/6/4,67.68
2009/6/5,67.77
2009/6/8,67.61
2009/6/9,68.94
2009/6/10,70.52
2009/6/11,71.71
2009/6/12,70.62
2009/6/15,68.49
2009/6/16,70.52
2009/6/17,68.95
2009/6/18,69.96
2009/6/19,70.48
2009/6/22,66.13
2009/6/23,66.36
2009/6/24,68.47
2009/6/25,68.82
2009/6/26,68.1
2009/6/29,69.75
2009/6/30,68.11
2009/7/1,68.52
2009/7/2,65.74
2009/7/3,
2009/7/6,63.12
2009/7/7,61.54
2009/7/8,59.71
2009/7/9,59.17
2009/7/10,58.43
2009/7/13,58.25
2009/7/14,60.48
2009/7/15,61.25
2009/7/16,62.02
2009/7/17,63.54
2009/7/20,64.64
2009/7/21,65.93
2009/7/22,65.36
2009/7/23,68.06
2009/7/24,68.82
2009/7/27,69.78
2009/7/28,68.53
2009/7/29,65.79
2009/7/30,68.82
2009/7/31,70.08
2009/8/3,72.9
2009/8/4,73.82
2009/8/5,74.39
2009/8/6,74.61
2009/8/7,74.21
2009/8/10,73.79
2009/8/11,71.58
2009/8/12,74.03
2009/8/13,73.76
2009/8/14,71.33
2009/8/17,68.65
2009/8/18,68.66
2009/8/19,72.81
2009/8/20,73.75
2009/8/21,73.71
2009/8/24,74.34
2009/8/25,73.1
2009/8/26,70.74
2009/8/27,70.68
2009/8/28,72.8
2009/8/31,69.02
2009/9/1,68.78
2009/9/2,67.6
2009/9/3,66.78
2009/9/4,65.84
2009/9/7,
2009/9/8,69.2
2009/9/9,69.76
2009/9/10,68.96
2009/9/11,68.76
2009/9/14,66.91
2009/9/15,66.53
2009/9/16,68.51
2009/9/17,71.56
2009/9/18,70.72
2009/9/21,68.11
2009/9/22,69.65
2009/9/23,67.43
2009/9/24,64.99
2009/9/25,64.6
2009/9/28,65.43
2009/9/29,64.63
2009/9/30,65.82
2009/10/1,67.12
2009/10/2,66.5
2009/10/5,65.26
2009/10/6,68.51
2009/10/7,67.65
2009/10/8,68.47
2009/10/9,69.45
2009/10/12,70.75
2009/10/13,70.81
2009/10/14,72.16
2009/10/15,73.14
2009/10/16,74.58
2009/10/19,75.86
2009/10/20,76.51
2009/10/21,77.74
2009/10/22,78.36
2009/10/23,77.72
2009/10/26,76.45
2009/10/27,76.69
2009/10/28,75.11
2009/10/29,77.18
2009/10/30,74.91
2009/11/2,75.56
2009/11/3,75.68
2009/11/4,78.21
2009/11/5,78.02
2009/11/6,75.51
2009/11/9,77.18
2009/11/10,77.07
2009/11/11,76.99
2009/11/12,75.18
2009/11/13,74.81
2009/11/16,77.14
2009/11/17,77.36
2009/11/18,78.64
2009/11/19,76.45
2009/11/20,75.61
2009/11/23,78.14
2009/11/24,75.35
2009/11/25,76.57
2009/11/26,
2009/11/27,76
2009/11/30,77.77
2009/12/1,78.68
2009/12/2,76.96
2009/12/3,77.76
2009/12/4,77.74
2009/12/7,76.18
2009/12/8,74.93
2009/12/9,73.63
2009/12/10,70.91
2009/12/11,70.07
2009/12/14,71.19
2009/12/15,71.33
2009/12/16,73.34
2009/12/17,71.28
2009/12/18,71.87
2009/12/21,72.74
2009/12/22,71.64
2009/12/23,73.87
2009/12/24,75.15
2009/12/25,
2009/12/28,76.59
2009/12/29,76.65
2009/12/30,77.62
2009/12/31,77.91
2010/1/1,
2010/1/4,79.05
2010/1/5,79.27
2010/1/6,80.14
2010/1/7,80.57
2010/1/8,80.06
2010/1/11,80.14
2010/1/12,79.38
2010/1/13,77.57
2010/1/14,77.61
2010/1/15,76.85
2010/1/18,
2010/1/19,75.18
2010/1/20,75.09
2010/1/21,74.13
2010/1/22,72.73
2010/1/25,72.18
2010/1/26,72.63
2010/1/27,72.75
2010/1/28,70.65
2010/1/29,71.2
2010/2/1,71.58
2010/2/2,73.94
2010/2/3,75.77
2010/2/4,71.3
2010/2/5,70.11
2010/2/8,69.62
2010/2/9,70.4
2010/2/10,70.4
2010/2/11,72.35
2010/2/12,71.49
2010/2/15,
2010/2/16,74.82
2010/2/17,74.89
2010/2/18,76.61
2010/2/19,76.88
2010/2/22,76.95
2010/2/23,76.44
2010/2/24,77
2010/2/25,74.38
2010/2/26,76.36
2010/3/1,76.07
2010/3/2,77.5
2010/3/3,78.66
2010/3/4,77.88
2010/3/5,79.2
2010/3/8,78.94
2010/3/9,78.77
2010/3/10,80.29
2010/3/11,79.44
2010/3/12,79.38
2010/3/15,77.08
2010/3/16,79.45
2010/3/17,80.28
2010/3/18,80.09
2010/3/19,78.37
2010/3/22,78.09
2010/3/23,79.17
2010/3/24,78.03
2010/3/25,78.64
2010/3/26,77.98
2010/3/29,79.89
2010/3/30,79.46
2010/3/31,80.37
2010/4/1,82.63
2010/4/2,
2010/4/5,84.48
2010/4/6,85.05
2010/4/7,84.49
2010/4/8,82.63
2010/4/9,82.77
2010/4/12,85.21
2010/4/13,83.44
2010/4/14,85.81
2010/4/15,86.9
2010/4/16,84.81
2010/4/19,83.09
2010/4/20,84.73
2010/4/21,84.55
2010/4/22,84.58
2010/4/23,86.09
2010/4/26,86.72
2010/4/27,85.59
2010/4/28,84.59
2010/4/29,86.82
2010/4/30,86.19
2010/5/3,88.09
2010/5/4,85.39
2010/5/5,82.31
2010/5/6,80.21
2010/5/7,76.48
2010/5/10,78.08
2010/5/11,79
2010/5/12,78.7
2010/5/13,79.41
2010/5/14,76.43
2010/5/17,73.87
2010/5/18,75.12
2010/5/19,71.86
2010/5/20,69.56
2010/5/21,70.45
2010/5/24,69.62
2010/5/25,67.18
2010/5/26,70.59
2010/5/27,73.56
2010/5/28,73
2010/5/31,
2010/6/1,73.08
2010/6/2,72.78
2010/6/3,73.12
2010/6/4,71.84
2010/6/7,71.09
2010/6/8,71.43
2010/6/9,73.68
2010/6/10,74.33
2010/6/11,73.28
2010/6/14,75.11
2010/6/15,75.29
2010/6/16,76.12
2010/6/17,77.52
2010/6/18,77.05
2010/6/21,78.53
2010/6/22,78.08
2010/6/23,75.22
2010/6/24,75.17
2010/6/25,76.21
2010/6/28,76.66
2010/6/29,74.21
2010/6/30,74.94
2010/7/1,71.73
2010/7/2,71.75
2010/7/5,
2010/7/6,73.08
2010/7/7,72.97
2010/7/8,74.56
2010/7/9,75.2
2010/7/12,74.35
2010/7/13,76.45
2010/7/14,76.63
2010/7/15,75.52
2010/7/16,75.55
2010/7/19,76.29
2010/7/20,76.31
2010/7/21,75.75
2010/7/22,77.59
2010/7/23,77.27
2010/7/26,77.9
2010/7/27,75.52
2010/7/28,76.66
2010/7/29,78.6
2010/7/30,77.5
2010/8/2,81.93
2010/8/3,83.6
2010/8/4,83.76
2010/8/5,82.9
2010/8/6,81.28
2010/8/9,81.54
2010/8/10,79.89
2010/8/11,77.83
2010/8/12,76.63
2010/8/13,75.14
2010/8/16,74.56
2010/8/17,76.74
2010/8/18,75.1
2010/8/19,74.84
2010/8/20,73.48
2010/8/23,73.08
2010/8/24,70.61
2010/8/25,70.74
2010/8/26,74.5
2010/8/27,75.16
2010/8/30,76.05
2010/8/31,75.51
2010/9/1,75.53
2010/9/2,74.93
2010/9/3,75.03
2010/9/6,
2010/9/7,75.78
2010/9/8,77.48
2010/9/9,77.87
2010/9/10,77.54
2010/9/13,78.52
2010/9/14,78.89
2010/9/15,78.46
2010/9/16,78.89
2010/9/17,77.43
2010/9/20,79.42
2010/9/21,78.76
2010/9/22,77.29
2010/9/23,77.69
2010/9/24,78.73
2010/9/27,77.71
2010/9/28,79.14
2010/9/29,78.79
2010/9/30,80.77
2010/10/1,82.69
2010/10/4,83.42
2010/10/5,83.35
2010/10/6,85.01
2010/10/7,83.67
2010/10/8,83.88
2010/10/11,83.08
2010/10/12,82.99
2010/10/13,84.01
2010/10/14,83.55
2010/10/15,81.94
2010/10/18,82.3
2010/10/19,81.12
2010/10/20,81.68
2010/10/21,81.28
2010/10/22,80.75
2010/10/25,81.91
2010/10/26,82.62
2010/10/27,81.27
2010/10/28,82.97
2010/10/29,82.47
2010/11/1,84.06
2010/11/2,84.71
2010/11/3,85.33
2010/11/4,86.83
2010/11/5,87.05
2010/11/8,87.15
2010/11/9,87.93
2010/11/10,87.92
2010/11/11,88.08
2010/11/12,86.07
2010/11/15,85.49
2010/11/16,83.98
2010/11/17,83.36
2010/11/18,83.7
2010/11/19,83.17
2010/11/22,82.34
2010/11/23,82.37
2010/11/24,84.53
2010/11/25,
2010/11/26,84.78
2010/11/29,85.9
2010/11/30,86.02
2010/12/1,88.56
2010/12/2,89.37
2010/12/3,90.65
2010/12/6,91.25
2010/12/7,90.78
2010/12/8,89.74
2010/12/9,89.93
2010/12/10,89.54
2010/12/13,90.4
2010/12/14,90.63
2010/12/15,91.33
2010/12/16,91.09
2010/12/17,91.11
2010/12/20,91.31
2010/12/21,93.11
2010/12/22,93.55
2010/12/23,93.63
2010/12/24,
2010/12/27,93.08
2010/12/28,93.52
2010/12/29,93.52
2010/12/30,92.5
2010/12/31,93.23
2011/1/3,95.82
2011/1/4,93.52
2011/1/5,95.07
2011/1/6,94.95
2011/1/7,94.25
2011/1/10,95.05
2011/1/11,96.8
2011/1/12,97.86
2011/1/13,97.86
2011/1/14,97.86
2011/1/17,
2011/1/18,97.83
2011/1/19,98.42
2011/1/20,96.27
2011/1/21,96.84
2011/1/24,96.76
2011/1/25,96.76
2011/1/26,96.04
2011/1/27,96.48
2011/1/28,97.06
2011/1/31,98.97
2011/2/1,100.4
2011/2/2,101.3
2011/2/3,101.69
2011/2/4,99.43
2011/2/7,99.44
2011/2/8,99.25
2011/2/9,100.16
2011/2/10,100.74
2011/2/11,99.93
2011/2/14,103.12
2011/2/15,102.48
2011/2/16,102.78
2011/2/17,103.45
2011/2/18,102.2
2011/2/21,
2011/2/22,106.82
2011/2/23,109.77
2011/2/24,113.91
2011/2/25,111.47
2011/2/28,112.27
2011/3/1,113.34
2011/3/2,116.89
2011/3/3,114.42
2011/3/4,115.71
2011/3/7,116.58
2011/3/8,112.32
2011/3/9,115.19
2011/3/10,114.07
2011/3/11,114.07
2011/3/14,112.95
2011/3/15,111.11
2011/3/16,110.96
2011/3/17,114.18
2011/3/18,114.13
2011/3/21,114.92
2011/3/22,115.63
2011/3/23,115.65
2011/3/24,115.41
2011/3/25,115.45
2011/3/28,115.95
2011/3/29,115.58
2011/3/30,115.35
2011/3/31,116.94
2011/4/1,118.63
2011/4/4,120.07
2011/4/5,122.87
2011/4/6,123.01
2011/4/7,122.9
2011/4/8,126.3
2011/4/11,126.46
2011/4/12,121.33
2011/4/13,122.7
2011/4/14,122.74
2011/4/15,124.63
2011/4/18,121.69
2011/4/19,121.35
2011/4/20,124.26
2011/4/21,123.64
2011/4/22,
2011/4/25,
2011/4/26,124.55
2011/4/27,124.94
2011/4/28,126.59
2011/4/29,
2011/5/2,126.64
2011/5/3,124.01
2011/5/4,121.55
2011/5/5,111.93
2011/5/6,113.69
2011/5/9,113.21
2011/5/10,117.82
2011/5/11,115.66
2011/5/12,112.87
2011/5/13,113.08
2011/5/16,113.72
2011/5/17,109.39
2011/5/18,112.54
2011/5/19,113.2
2011/5/20,111.25
2011/5/23,110.13
2011/5/24,112.52
2011/5/25,114.47
2011/5/26,115.06
2011/5/27,114.85
2011/5/30,
2011/5/31,117.18
2011/6/1,116.15
2011/6/2,114.3
2011/6/3,115.09
2011/6/6,115.4
2011/6/7,116.14
2011/6/8,118.43
2011/6/9,119.95
2011/6/10,118.71
2011/6/13,120.49
2011/6/14,120.35
2011/6/15,114.67
2011/6/16,114.69
2011/6/17,113.74
2011/6/20,112.21
2011/6/21,112.02
2011/6/22,113.59
2011/6/23,108.27
2011/6/24,104.79
2011/6/27,104.57
2011/6/28,107.57
2011/6/29,111.49
2011/6/30,111.71
2011/7/1,109.82
2011/7/4,
2011/7/5,113.21
2011/7/6,113.55
2011/7/7,117.4
2011/7/8,117.4
2011/7/11,117.35
2011/7/12,117.36
2011/7/13,118.46
2011/7/14,117.38
2011/7/15,118.06
2011/7/18,117.05
2011/7/19,118.18
2011/7/20,118.52
2011/7/21,118.25
2011/7/22,118.99
2011/7/25,118.27
2011/7/26,118.14
2011/7/27,117.99
2011/7/28,118.16
2011/7/29,115.93
2011/8/1,116.37
2011/8/2,116.02
2011/8/3,113.74
2011/8/4,110.22
2011/8/5,106.92
2011/8/8,103.06
2011/8/9,103.63
2011/8/10,103.84
2011/8/11,107.82
2011/8/12,108.17
2011/8/15,108.89
2011/8/16,109.69
2011/8/17,111.37
2011/8/18,108.36
2011/8/19,109.37
2011/8/22,108.83
2011/8/23,110.35
2011/8/24,111.91
2011/8/25,111.91
2011/8/26,112.29
2011/8/29,
2011/8/30,115.59
2011/8/31,116.48
2011/9/1,116.43
2011/9/2,115.92
2011/9/5,
2011/9/6,113.29
2011/9/7,117.5
2011/9/8,117.99
2011/9/9,115.1
2011/9/12,114.75
2011/9/13,114.08
2011/9/14,113.1
2011/9/15,116.71
2011/9/16,116.26
2011/9/19,112.89
2011/9/20,114.39
2011/9/21,114.26
2011/9/22,109.21
2011/9/23,109.17
2011/9/26,107.9
2011/9/27,109.54
2011/9/28,108.52
2011/9/29,107.08
2011/9/30,105.42
2011/10/3,103.61
2011/10/4,101.84
2011/10/5,103.77
2011/10/6,104.38
2011/10/7,106.56
2011/10/10,109.49
2011/10/11,109.22
2011/10/12,112.44
2011/10/13,112.45
2011/10/14,114.33
2011/10/17,112.92
2011/10/18,112.08
2011/10/19,111.76
2011/10/20,109
2011/10/21,111.6
2011/10/24,111.67
2011/10/25,112.11
2011/10/26,110.43
2011/10/27,112.45
2011/10/28,110.01
2011/10/31,108.43
2011/11/1,106.97
2011/11/2,110.82
2011/11/3,110.76
2011/11/4,112.22
2011/11/7,114.75
2011/11/8,115.61
2011/11/9,115.29
2011/11/10,113.32
2011/11/11,114.43
2011/11/14,112.57
2011/11/15,111.9
2011/11/16,111.91
2011/11/17,109.25
2011/11/18,107.82
2011/11/21,105.98
2011/11/22,107.77
2011/11/23,106.83
2011/11/24,
2011/11/25,106.08
2011/11/28,109.38
2011/11/29,111.25
2011/11/30,111.22
2011/12/1,108.83
2011/12/2,109.59
2011/12/5,110.18
2011/12/6,110.16
2011/12/7,110.07
2011/12/8,108.23
2011/12/9,107.91
2011/12/12,107.82
2011/12/13,109.25
2011/12/14,105.72
2011/12/15,104.52
2011/12/16,104
2011/12/19,104.55
2011/12/20,107.8
2011/12/21,108
2011/12/22,108.98
2011/12/23,109.28
2011/12/26,
2011/12/27,
2011/12/28,107.54
2011/12/29,106.89
2011/12/30,108.09
2012/1/2,
2012/1/3,111.12
2012/1/4,113.37
2012/1/5,113.59
2012/1/6,111.96
2012/1/9,111.07
2012/1/10,113.3
2012/1/11,111.66
2012/1/12,112.97
2012/1/13,109.88
2012/1/16,
2012/1/17,110.55
2012/1/18,109.81
2012/1/19,109.54
2012/1/20,108.5
2012/1/23,109.46
2012/1/24,108.38
2012/1/25,108.48
2012/1/26,109.08
2012/1/27,110.5
2012/1/30,110.24
2012/1/31,110.26
2012/2/1,111.96
2012/2/2,110.96
2012/2/3,112.56
2012/2/6,115.47
2012/2/7,116.86
2012/2/8,117.18
2012/2/9,118.4
2012/2/10,118.13
2012/2/13,118.73
2012/2/14,118.3
2012/2/15,120.25
2012/2/16,121
2012/2/17,120.69
2012/2/20,
2012/2/21,120.85
2012/2/22,123.07
2012/2/23,124.53
2012/2/24,124.89
2012/2/27,126.46
2012/2/28,124.02
2012/2/29,122.23
2012/3/1,125.76
2012/3/2,125.93
2012/3/5,126.68
2012/3/6,125.03
2012/3/7,125.37
2012/3/8,127.96
2012/3/9,128.08
2012/3/12,127.27
2012/3/13,128.14
2012/3/14,126.98
2012/3/15,123.63
2012/3/16,125.09
2012/3/19,125.76
2012/3/20,124.38
2012/3/21,123.89
2012/3/22,122.49
2012/3/23,125.21
2012/3/26,125.85
2012/3/27,125.25
2012/3/28,124.41
2012/3/29,123.23
2012/3/30,123.41
2012/4/2,124.44
2012/4/3,
2012/4/4,123.04
2012/4/5,123.58
2012/4/6,
2012/4/9,
2012/4/10,121.89
2012/4/11,120.41
2012/4/12,120.57
2012/4/13,120.62
2012/4/16,118.23
2012/4/17,117.41
2012/4/18,115.18
2012/4/19,117
2012/4/20,118.08
2012/4/23,116.66
2012/4/24,117.74
2012/4/25,117.45
2012/4/26,119.33
2012/4/27,119.3
2012/4/30,118.66
2012/5/1,119.57
2012/5/2,117.57
2012/5/3,115.91
2012/5/4,111.66
2012/5/7,
2012/5/8,110.48
2012/5/9,111.89
2012/5/10,112.24
2012/5/11,112.5
2012/5/14,110.79
2012/5/15,111.4
2012/5/16,109.8
2012/5/17,109.31
2012/5/18,108.03
2012/5/21,109.02
2012/5/22,109.76
2012/5/23,106.88
2012/5/24,107.2
2012/5/25,107.86
2012/5/28,
2012/5/29,107.55
2012/5/30,103.85
2012/5/31,103.86
2012/6/1,98.63
2012/6/4,97.74
2012/6/5,98.65
2012/6/6,101.14
2012/6/7,100.05
2012/6/8,97.57
2012/6/11,98.6
2012/6/12,96.59
2012/6/13,97.29
2012/6/14,96.46
2012/6/15,97.13
2012/6/18,95.21
2012/6/19,95.14
2012/6/20,93.5
2012/6/21,89.22
2012/6/22,89.22
2012/6/25,88.69
2012/6/26,90.19
2012/6/27,92.06
2012/6/28,91.02
2012/6/29,94.17
2012/7/2,95.28
2012/7/3,99.89
2012/7/4,
2012/7/5,101.54
2012/7/6,98.5
2012/7/9,99.94
2012/7/10,99.15
2012/7/11,99.23
2012/7/12,99.18
2012/7/13,101.91
2012/7/16,102.1
2012/7/17,104.21
2012/7/18,105.92
2012/7/19,107.79
2012/7/20,106.98
2012/7/23,103.91
2012/7/24,103.57
2012/7/25,102.35
2012/7/26,104.77
2012/7/27,106.3
2012/7/30,106.54
2012/7/31,105.93
2012/8/1,106.78
2012/8/2,107.55
2012/8/3,109.57
2012/8/6,110.01
2012/8/7,112.39
2012/8/8,113.42
2012/8/9,113.52
2012/8/10,113.13
2012/8/13,114.48
2012/8/14,113.9
2012/8/15,115.51
2012/8/16,116.12
2012/8/17,115.2
2012/8/20,115.5
2012/8/21,116.03
2012/8/22,115.77
2012/8/23,117.45
2012/8/24,115.76
2012/8/27,113.74
2012/8/28,112.62
2012/8/29,112.53
2012/8/30,112.28
2012/8/31,113.93
2012/9/3,
2012/9/4,114.98
2012/9/5,113.32
2012/9/6,114.5
2012/9/7,113.64
2012/9/10,113.84
2012/9/11,114.86
2012/9/12,114.86
2012/9/13,116
2012/9/14,117.48
2012/9/17,116.7
2012/9/18,113.29
2012/9/19,108.49
2012/9/20,109.41
2012/9/21,111.27
2012/9/24,109.2
2012/9/25,110.77
2012/9/26,108.99
2012/9/27,111.45
2012/9/28,111.36
2012/10/1,112.58
2012/10/2,112.49
2012/10/3,109.32
2012/10/4,110.48
2012/10/5,112.17
2012/10/8,112.6
2012/10/9,114.32
2012/10/10,116.11
2012/10/11,116.18
2012/10/12,115.17
2012/10/15,115
2012/10/16,115
2012/10/17,113.49
2012/10/18,112.58
2012/10/19,111.89
2012/10/22,109.62
2012/10/23,107.53
2012/10/24,107.66
2012/10/25,107.64
2012/10/26,108.9
2012/10/29,109.33
2012/10/30,109.4
2012/10/31,109.89
2012/11/1,108.84
2012/11/2,106.79
2012/11/5,105.59
2012/11/6,109.27
2012/11/7,108.21
2012/11/8,107.23
2012/11/9,108.61
2012/11/12,110.23
2012/11/13,108.82
2012/11/14,109.66
2012/11/15,110.07
2012/11/16,106.81
2012/11/19,110.06
2012/11/20,110.01
2012/11/21,110.81
2012/11/22,
2012/11/23,110.14
2012/11/26,110.18
2012/11/27,109.33
2012/11/28,108.26
2012/11/29,110.47
2012/11/30,110.84
2012/12/3,111.27
2012/12/4,109.99
2012/12/5,108.96
2012/12/6,108.01
2012/12/7,107.16
2012/12/10,108.25
2012/12/11,107.6
2012/12/12,110.17
2012/12/13,110.18
2012/12/14,109.28
2012/12/17,109.35
2012/12/18,109.96
2012/12/19,109.95
2012/12/20,110.57
2012/12/21,109.13
2012/12/24,108.44
2012/12/25,
2012/12/26,110.72
2012/12/27,110.04
2012/12/28,110.05
2012/12/31,110.8
2013/1/1,
2013/1/2,112.98
2013/1/3,113.03
2013/1/4,112.58
2013/1/7,112.49
2013/1/8,113.03
2013/1/9,113.07
2013/1/10,112.97
2013/1/11,110.3
2013/1/14,111.32
2013/1/15,111.72
2013/1/16,110.97
2013/1/17,111.01
2013/1/18,111.71
2013/1/21,
2013/1/22,112.72
2013/1/23,113.68
2013/1/24,114.59
2013/1/25,113.88
2013/1/28,113.92
2013/1/29,115.22
2013/1/30,115.42
2013/1/31,115.55
2013/2/1,115.55
2013/2/4,116.06
2013/2/5,117.03
2013/2/6,116.61
2013/2/7,117.17
2013/2/8,118.9
2013/2/11,118.29
2013/2/12,117.89
2013/2/13,118.43
2013/2/14,118.48
2013/2/15,117.4
2013/2/18,
2013/2/19,117.04
2013/2/20,116.23
2013/2/21,114.19
2013/2/22,113.74
2013/2/25,114.55
2013/2/26,112.96
2013/2/27,112.24
2013/2/28,112.2
2013/3/1,110.14
2013/3/4,109.9
2013/3/5,110.42
2013/3/6,110.27
2013/3/7,110.42
2013/3/8,108.91
2013/3/11,108.64
2013/3/12,108.48
2013/3/13,107.51
2013/3/14,108.1
2013/3/15,109.32
2013/3/18,108.54
2013/3/19,106.91
2013/3/20,108.27
2013/3/21,106.41
2013/3/22,106.51
2013/3/25,106.66
2013/3/26,107.1
2013/3/27,108.51
2013/3/28,108.46
2013/3/29,
2013/4/1,108.76
2013/4/2,109.66
2013/4/3,107.82
2013/4/4,105.09
2013/4/5,103.98
2013/4/8,103.16
2013/4/9,104.08
2013/4/10,104.8
2013/4/11,103.62
2013/4/12,100.58
2013/4/15,99.32
2013/4/16,97.88
2013/4/17,96.84
2013/4/18,97.48
2013/4/19,98.94
2013/4/22,99.07
2013/4/23,99.25
2013/4/24,100.71
2013/4/25,101.62
2013/4/26,102.39
2013/4/29,102.88
2013/4/30,101.53
2013/5/1,98.34
2013/5/2,100.32
2013/5/3,104.6
2013/5/6,105
2013/5/7,105.18
2013/5/8,103.79
2013/5/9,103.59
2013/5/10,101.31
2013/5/13,102.17
2013/5/14,102.7
2013/5/15,101.57
2013/5/16,104.27
2013/5/17,103.83
2013/5/20,104.55
2013/5/21,103.1
2013/5/22,102.14
2013/5/23,100.46
2013/5/24,101.24
2013/5/27,
2013/5/28,103.77
2013/5/29,102.14
2013/5/30,101.79
2013/5/31,100.43
2013/6/3,101.63
2013/6/4,102.04
2013/6/5,103.51
2013/6/6,103.37
2013/6/7,104.07
2013/6/10,103.87
2013/6/11,101.5
2013/6/12,103.11
2013/6/13,103.38
2013/6/14,105.1
2013/6/17,105.8
2013/6/18,105.21
2013/6/19,105.56
2013/6/20,102.72
2013/6/21,100.36
2013/6/24,99.8
2013/6/25,101.51
2013/6/26,100.62
2013/6/27,102.74
2013/6/28,102.49
2013/7/1,103.19
2013/7/2,103.96
2013/7/3,106.12
2013/7/4,
2013/7/5,107.46
2013/7/8,107.75
2013/7/9,107.9
2013/7/10,108.43
2013/7/11,108.18
2013/7/12,109.03
2013/7/15,109.05
2013/7/16,109.29
2013/7/17,109.67
2013/7/18,109.71
2013/7/19,109.34
2013/7/22,108.82
2013/7/23,109.27
2013/7/24,108.23
2013/7/25,108.1
2013/7/26,107.57
2013/7/29,108.1
2013/7/30,107.47
2013/7/31,107.89
2013/8/1,109.94
2013/8/2,109.63
2013/8/5,109.81
2013/8/6,108.77
2013/8/7,108.39
2013/8/8,107.32
2013/8/9,108.49
2013/8/12,109.28
2013/8/13,110.69
2013/8/14,110.26
2013/8/15,111.58
2013/8/16,111.82
2013/8/19,111.41
2013/8/20,110.74
2013/8/21,110.82
2013/8/22,110.51
2013/8/23,112.12
2013/8/26,112.23
2013/8/27,115.21
2013/8/28,116.27
2013/8/29,116.91
2013/8/30,115.97
2013/9/2,
2013/9/3,115.49
2013/9/4,115.65
2013/9/5,115.81
2013/9/6,117.15
2013/9/9,115.2
2013/9/10,112.1
2013/9/11,112.37
2013/9/12,113.11
2013/9/13,113.31
2013/9/16,110.86
2013/9/17,109.05
2013/9/18,109.09
2013/9/19,110.66
2013/9/20,110.22
2013/9/23,108.56
2013/9/24,107.68
2013/9/25,109.46
2013/9/26,108.86
2013/9/27,109.45
2013/9/30,107.85
2013/10/1,107.32
2013/10/2,109.09
2013/10/3,109.49
2013/10/4,109.42
2013/10/7,109.66
2013/10/8,110.56
2013/10/9,109.02
2013/10/10,111.63
2013/10/11,110.65
2013/10/14,110.13
2013/10/15,110.67
2013/10/16,110.79
2013/10/17,109.55
2013/10/18,109.4
2013/10/21,109.47
2013/10/22,109.57
2013/10/23,107.74
2013/10/24,106.63
2013/10/25,105.7
2013/10/28,108.29
2013/10/29,108.04
2013/10/30,108.41
2013/10/31,107.53
2013/11/1,105.78
2013/11/4,104.85
2013/11/5,105.01
2013/11/6,105.46
2013/11/7,103.08
2013/11/8,104.29
2013/11/11,105.76
2013/11/12,106.29
2013/11/13,106.9
2013/11/14,108.29
2013/11/15,108.25
2013/11/18,108.8
2013/11/19,108.29
2013/11/20,108.27
2013/11/21,109.9
2013/11/22,111.36
2013/11/25,110.83
2013/11/26,112.04
2013/11/27,111.32
2013/11/28,
2013/11/29,111.07
2013/12/2,111.49
2013/12/3,113.06
2013/12/4,113.27
2013/12/5,112.07
2013/12/6,111.5
2013/12/9,110.07
2013/12/10,108.91
2013/12/11,109.47
2013/12/12,108.99
2013/12/13,108.08
2013/12/16,110.3
2013/12/17,108.91
2013/12/18,109.56
2013/12/19,110.78
2013/12/20,112.15
2013/12/23,111.58
2013/12/24,111.57
2013/12/25,
2013/12/26,111.65
2013/12/27,112.06
2013/12/30,110.47
2013/12/31,109.95
2014/1/1,
2014/1/2,107.94
2014/1/3,106.57
2014/1/6,106.71
2014/1/7,107.01
2014/1/8,107.42
2014/1/9,107.49
2014/1/10,106.44
2014/1/13,108.02
2014/1/14,107.12
2014/1/15,108.09
2014/1/16,107.46
2014/1/17,108.45
2014/1/20,108.01
2014/1/21,109.17
2014/1/22,109.69
2014/1/23,109.69
2014/1/24,109.14
2014/1/27,108.72
2014/1/28,109.1
2014/1/29,108.83
2014/1/30,109.36
2014/1/31,108.16
2014/2/3,106.55
2014/2/4,107.04
2014/2/5,106.81
2014/2/6,108.15
2014/2/7,110.12
2014/2/10,110.18
2014/2/11,109.21
2014/2/12,108.62
2014/2/13,108.98
2014/2/14,108.63
2014/2/17,
2014/2/18,110.14
2014/2/19,110.37
2014/2/20,109.42
2014/2/21,109.03
2014/2/24,109.76
2014/2/25,109.19
2014/2/26,109.39
2014/2/27,108.54
2014/2/28,108.98
2014/3/3,111.26
2014/3/4,109.17
2014/3/5,108.15
2014/3/6,107.99
2014/3/7,109.14
2014/3/10,108.27
2014/3/11,108.35
2014/3/12,107.88
2014/3/13,107.48
2014/3/14,108.08
2014/3/17,106.99
2014/3/18,106.79
2014/3/19,105.95
2014/3/20,105.73
2014/3/21,107.2
2014/3/24,106.59
2014/3/25,107.01
2014/3/26,105.9
2014/3/27,106.58
2014/3/28,106.64
2014/3/31,105.95
2014/4/1,105.7
2014/4/2,103.37
2014/4/3,104.88
2014/4/4,106.41
2014/4/7,104.89
2014/4/8,105.83
2014/4/9,107.39
2014/4/10,107.1
2014/4/11,107.34
2014/4/14,107.68
2014/4/15,109.1
2014/4/16,109.71
2014/4/17,109.79
2014/4/18,
2014/4/21,109.69
2014/4/22,108.54
2014/4/23,108.48
2014/4/24,109.79
2014/4/25,109.53
2014/4/28,109.12
2014/4/29,109.89
2014/4/30,108.63
2014/5/1,108.63
2014/5/2,109.48
2014/5/5,109.48
2014/5/6,108.3
2014/5/7,108.17
2014/5/8,108.19
2014/5/9,108.26
2014/5/12,108.37
2014/5/13,108.78
2014/5/14,109.87
2014/5/15,109.74
2014/5/16,110.9
2014/5/19,110.84
2014/5/20,110.35
2014/5/21,111.32
2014/5/22,110.89
2014/5/23,110.19
2014/5/26,110.01
2014/5/27,109.81
2014/5/28,109.09
2014/5/29,109.98
2014/5/30,109.21
2014/6/2,109.34
2014/6/3,108.87
2014/6/4,109.07
2014/6/5,108.43
2014/6/6,109.21
2014/6/9,110.55
2014/6/10,109.18
2014/6/11,109.83
2014/6/12,112.18
2014/6/13,113.15
2014/6/16,113.42
2014/6/17,114.02
2014/6/18,114.25
2014/6/19,115.19
2014/6/20,114.55
2014/6/23,113.62
2014/6/24,113.74
2014/6/25,112.84
2014/6/26,112.61
2014/6/27,112.62
2014/6/30,111.03
2014/7/1,110.84
2014/7/2,110.18
2014/7/3,108.98
2014/7/4,
2014/7/7,108.7
2014/7/8,107.65
2014/7/9,106.84
2014/7/10,106.2
2014/7/11,105.77
2014/7/14,104.73
2014/7/15,104.73
2014/7/16,105.41
2014/7/17,106.04
2014/7/18,106.03
2014/7/21,105.71
2014/7/22,106.48
2014/7/23,106.85
2014/7/24,105.78
2014/7/25,106.89
2014/7/28,106.7
2014/7/29,106.98
2014/7/30,106.47
2014/7/31,104.94
2014/8/1,103.45
2014/8/4,103.63
2014/8/5,102.82
2014/8/6,104.17
2014/8/7,104.02
2014/8/8,103.36
2014/8/11,103.47
2014/8/12,101.68
2014/8/13,102.27
2014/8/14,101.15
2014/8/15,101.13
2014/8/18,99.37
2014/8/19,99.74
2014/8/20,99.92
2014/8/21,100.28
2014/8/22,100.09
2014/8/25,100.49
2014/8/26,100.5
2014/8/27,100.4
2014/8/28,100.71
2014/8/29,101.12
2014/9/1,
2014/9/2,100.21
2014/9/3,100.88
2014/9/4,101.21
2014/9/5,99.51
2014/9/8,99.53
2014/9/9,98.08
2014/9/10,96.26
2014/9/11,96.42
2014/9/12,96.31
2014/9/15,96.43
2014/9/16,97.39
2014/9/17,97.7
2014/9/18,96.82
2014/9/19,96.75
2014/9/22,95.37
2014/9/23,94.87
2014/9/24,94.53
2014/9/25,95.2
2014/9/26,95.08
2014/9/29,95.7
2014/9/30,94.67
2014/10/1,94.57
2014/10/2,91.29
2014/10/3,90.8
2014/10/6,90.65
2014/10/7,90.9
2014/10/8,90.25
2014/10/9,90.47
2014/10/10,88.66
2014/10/13,87.82
2014/10/14,
2014/10/15,84.02
2014/10/16,84.02
2014/10/17,85.27
2014/10/20,84.42
2014/10/21,85.17
2014/10/22,86.38
2014/10/23,85.94
2014/10/24,86
2014/10/27,85.64
2014/10/28,85.57
2014/10/29,86.91
2014/10/30,85.5
2014/10/31,84.17
2014/11/3,84.9
2014/11/4,82.12
2014/11/5,82.88
2014/11/6,82.08
2014/11/7,83.2
2014/11/10,82.9
2014/11/11,80.94
2014/11/12,80.42
2014/11/13,77.74
2014/11/14,77.51
2014/11/17,76.86
2014/11/18,77.23
2014/11/19,77.21
2014/11/20,77.61
2014/11/21,79.2
2014/11/24,79.62
2014/11/25,77.62
2014/11/26,77.39
2014/11/27,
2014/11/28,71.89
2014/12/1,70.87
2014/12/2,71.13
2014/12/3,70.13
2014/12/4,68.48
2014/12/5,68
2014/12/8,65.64
2014/12/9,66.11
2014/12/10,63.32
2014/12/11,63.65
2014/12/12,61.67
2014/12/15,61.09
2014/12/16,60.26
2014/12/17,59.84
2014/12/18,58.81
2014/12/19,58.87
2014/12/22,58.31
2014/12/23,59.07
2014/12/24,58.67
2014/12/25,
2014/12/26,58.72
2014/12/29,57.86
2014/12/30,55.6
2014/12/31,55.27
2015/1/1,
2015/1/2,55.38
2015/1/5,51.08
2015/1/6,50.12
2015/1/7,49.06
2015/1/8,49.43
2015/1/9,47.64
2015/1/12,46.9
2015/1/13,45.13
2015/1/14,45.82
2015/1/15,47.66
2015/1/16,47.38
2015/1/19,
2015/1/20,46.49
2015/1/21,46.5
2015/1/22,46.09
2015/1/23,46.69
2015/1/26,46.07
2015/1/27,46.55
2015/1/28,47.07
2015/1/29,46.61
2015/1/30,47.52
2015/2/2,51.74
2015/2/3,54.41
2015/2/4,55.07
2015/2/5,55.98
2015/2/6,55.88
2015/2/9,57
2015/2/10,55.79
2015/2/11,53.48
2015/2/12,56.23
2015/2/13,60.33
2015/2/16,61.57
2015/2/17,60.78
2015/2/18,60.72
2015/2/19,58.78
2015/2/20,60.99
2015/2/23,59.78
2015/2/24,60.33
2015/2/25,59.77
2015/2/26,61.39
2015/2/27,61.89
2015/3/2,60.75
2015/3/3,61.18
2015/3/4,59.18
2015/3/5,60.33
2015/3/6,59.15
2015/3/9,58.67
2015/3/10,55.95
2015/3/11,56.46
2015/3/12,56.66
2015/3/13,54.8
2015/3/16,52
2015/3/17,52.17
2015/3/18,52.59
2015/3/19,52.96
2015/3/20,53.88
2015/3/23,53.82
2015/3/24,53.61
2015/3/25,54.18
2015/3/26,57.02
2015/3/27,56.44
2015/3/30,53.99
2015/3/31,53.69
2015/4/1,55.73
2015/4/2,55.73
2015/4/3,
2015/4/6,55.73
2015/4/7,57.55
2015/4/8,56.42
2015/4/9,56.04
2015/4/10,56.82
2015/4/13,57.14
2015/4/14,57.69
2015/4/15,59.32
2015/4/16,60.13
2015/4/17,61.31
2015/4/20,61.2
2015/4/21,60.12
2015/4/22,60.12
2015/4/23,62.66
2015/4/24,62.96
2015/4/27,62.86
2015/4/28,62.61
2015/4/29,63.97
2015/4/30,63.9
2015/5/1,64.13
2015/5/4,64.62
2015/5/5,65.44
2015/5/6,66.22
2015/5/7,64.93
2015/5/8,63.82
2015/5/11,62.82
2015/5/12,65.09
2015/5/13,66.33
2015/5/14,65.58
2015/5/15,64.69
2015/5/18,65.15
2015/5/19,63.48
2015/5/20,63.52
2015/5/21,64.7
2015/5/22,64.7
2015/5/25,
2015/5/26,61.65
2015/5/27,61.35
2015/5/28,60.12
2015/5/29,63.16
2015/6/1,62.87
2015/6/2,63.14
2015/6/3,62.78
2015/6/4,60.34
2015/6/5,60.36
2015/6/8,61.33
2015/6/9,63.23
2015/6/10,64.68
2015/6/11,63.76
2015/6/12,63.19
2015/6/15,60.99
2015/6/16,60.75
2015/6/17,60.75
2015/6/18,61.37
2015/6/19,59.41
2015/6/22,60.54
2015/6/23,61.67
2015/6/24,61.63
2015/6/25,60.24
2015/6/26,60.14
2015/6/29,59.03
2015/6/30,60.31
2015/7/1,61.65
2015/7/2,61.73
2015/7/3,59.06
2015/7/6,57.19
2015/7/7,54.72
2015/7/8,55.7
2015/7/9,57.83
2015/7/10,57.72
2015/7/13,57.63
2015/7/14,57.2
2015/7/15,57.34
2015/7/16,57.31
2015/7/17,56.38
2015/7/20,56.42
2015/7/21,55.94
2015/7/22,56.36
2015/7/23,55.76
2015/7/24,54.29
2015/7/27,54.07
2015/7/28,54.3
2015/7/29,54.73
2015/7/30,54.29
2015/7/31,53.29
2015/8/3,49.49
2015/8/4,49.08
2015/8/5,49.04
2015/8/6,47.8
2015/8/7,47.54
2015/8/10,48.3
2015/8/11,47.33
2015/8/12,48.29
2015/8/13,48.01
2015/8/14,47.79
2015/8/17,47.77
2015/8/18,47
2015/8/19,45.75
2015/8/20,45.63
2015/8/21,43.84
2015/8/24,41.59
2015/8/25,41.86
2015/8/26,41.76
2015/8/27,44.46
2015/8/28,47.97
2015/8/31,
2015/9/1,48.8
2015/9/2,47.67
2015/9/3,50.41
2015/9/4,48.59
2015/9/7,46.42
2015/9/8,48.88
2015/9/9,48.04
2015/9/10,47.77
2015/9/11,46.87
2015/9/14,45.87
2015/9/15,45.91
2015/9/16,49.35
2015/9/17,48.27
2015/9/18,47.28
2015/9/21,47.64
2015/9/22,46.69
2015/9/23,48
2015/9/24,47.06
2015/9/25,47.28
2015/9/28,46.04
2015/9/29,47.58
2015/9/30,47.29
2015/10/1,47.48
2015/10/2,46.55
2015/10/5,49.45
2015/10/6,51.34
2015/10/7,51.66
2015/10/8,52.13
2015/10/9,52.08
2015/10/12,50.95
2015/10/13,48.94
2015/10/14,48.25
2015/10/15,47.87
2015/10/16,48.96
2015/10/19,47.51
2015/10/20,46.93
2015/10/21,46.72
2015/10/22,46.59
2015/10/23,46.3
2015/10/26,46.57
2015/10/27,45.54
2015/10/28,47.6
2015/10/29,48.04
2015/10/30,48
2015/11/2,47.91
2015/11/3,48
2015/11/4,46.96
2015/11/5,47.19
2015/11/6,46.09
2015/11/9,45.38
2015/11/10,46.44
2015/11/11,44.98
2015/11/12,44.98
2015/11/13,41.98
2015/11/16,40.28
2015/11/17,41.28
2015/11/18,41.45
2015/11/19,42.22
2015/11/20,42.49
2015/11/23,43.7
2015/11/24,44.38
2015/11/25,43.56
2015/11/26,43.55
2015/11/27,43.07
2015/11/30,43.73
2015/12/1,42.97
2015/12/2,41.92
2015/12/3,42
2015/12/4,41.44
2015/12/7,39.69
2015/12/8,39.44
2015/12/9,39.04
2015/12/10,38.65
2015/12/11,36.99
2015/12/14,36.51
2015/12/15,37.66
2015/12/16,36.96
2015/12/17,36.29
2015/12/18,36.76
2015/12/21,35.34
2015/12/22,35.26
2015/12/23,35.79
2015/12/24,37.22
2015/12/25,
2015/12/28,37.08
2015/12/29,36.85
2015/12/30,35.65
2015/12/31,36.61
2016/1/1,
2016/1/4,36.28
2016/1/5,35.56
2016/1/6,33.89
2016/1/7,33.57
2016/1/8,31.67
2016/1/11,30.14
2016/1/12,29.14
2016/1/13,28.58
2016/1/14,28.84
2016/1/15,28.8
2016/1/18,27.36
2016/1/19,27.36
2016/1/20,26.01
2016/1/21,27.59
2016/1/22,30.46
2016/1/25,29.82
2016/1/26,30.94
2016/1/27,31.83
2016/1/28,33.01
2016/1/29,33.14
2016/2/1,32.45
2016/2/2,30.98
2016/2/3,32.38
2016/2/4,32.76
2016/2/5,32.35
2016/2/8,31.64
2016/2/9,30.15
2016/2/10,29.64
2016/2/11,28.82
2016/2/12,31.8
2016/2/15,
2016/2/16,31.09
2016/2/17,33.21
2016/2/18,33.2
2016/2/19,31.66
2016/2/22,33.59
2016/2/23,31.9
2016/2/24,31.5
2016/2/25,32.83
2016/2/26,35.76
2016/2/29,35.92
2016/3/1,35.73
2016/3/2,36.38
2016/3/3,35.75
2016/3/4,37.61
2016/3/7,39.02
2016/3/8,39.16
2016/3/9,40.26
2016/3/10,38.63
2016/3/11,39.41
2016/3/14,38.06
2016/3/15,37.49
2016/3/16,38.38
2016/3/17,39.29
2016/3/18,39.26
2016/3/21,39.91
2016/3/22,40.54
2016/3/23,38.84
2016/3/24,38.33
2016/3/25,
2016/3/28,38.33
2016/3/29,36.75
2016/3/30,36.75
2016/3/31,36.75
2016/4/1,36.42
2016/4/4,36.05
2016/4/5,35.88
2016/4/6,37.77
2016/4/7,37.15
2016/4/8,40.71
2016/4/11,41.58
2016/4/12,43.02
2016/4/13,42.81
2016/4/14,43.02
2016/4/15,41.32
2016/4/18,41.64
2016/4/19,43.02
2016/4/20,43.09
2016/4/21,43.48
2016/4/22,43.97
2016/4/25,42.97
2016/4/26,43.94
2016/4/27,44.17
2016/4/28,45.6
2016/4/29,45.64
2016/5/2,45.82
2016/5/3,43.09
2016/5/4,43.08
2016/5/5,44.39
2016/5/6,44.6
2016/5/9,42.43
2016/5/10,44.01
2016/5/11,46.08
2016/5/12,46.43
2016/5/13,47.05
2016/5/16,48.49
2016/5/17,48.71
2016/5/18,48.93
2016/5/19,47.01
2016/5/20,48.54
2016/5/23,47.77
2016/5/24,48.42
2016/5/25,48.87
2016/5/26,49.52
2016/5/27,49.09
2016/5/30,
2016/5/31,49.26
2016/6/1,48.81
2016/6/2,49.05
2016/6/3,48.5
2016/6/6,48.94
2016/6/7,49.76
2016/6/8,50.73
2016/6/9,50.59
2016/6/10,49.7
2016/6/13,49.36
2016/6/14,47.88
2016/6/15,47.47
2016/6/16,45.66
2016/6/17,46.57
2016/6/20,48.68
2016/6/21,48.18
2016/6/22,48.43
2016/6/23,48.63
2016/6/24,46.69
2016/6/27,45.07
2016/6/28,46.29
2016/6/29,48.4
2016/6/30,48.05
2016/7/1,47.65
2016/7/4,48.02
2016/7/5,45.64
2016/7/6,45.7
2016/7/7,45.93
2016/7/8,44.53
2016/7/11,44.04
2016/7/12,46.72
2016/7/13,44.67
2016/7/14,46.01
2016/7/15,46.25
2016/7/18,45.35
2016/7/19,45.7
2016/7/20,45.82
2016/7/21,44.99
2016/7/22,44.24
2016/7/25,43.76
2016/7/26,43.56
2016/7/27,42.78
2016/7/28,41.87
2016/7/29,40.76
2016/8/1,40.17
2016/8/2,40
2016/8/3,40.45
2016/8/4,41.33
2016/8/5,42.47
2016/8/8,43.24
2016/8/9,43.37
2016/8/10,42.19
2016/8/11,44.23
2016/8/12,45.12
2016/8/15,47.31
2016/8/16,48.27
2016/8/17,48.58
2016/8/18,49.46
2016/8/19,49.39
2016/8/22,48.1
2016/8/23,48.7
2016/8/24,47.56
2016/8/25,49.25
2016/8/26,49.66
2016/8/29,49.66
2016/8/30,47.94
2016/8/31,47.94
2016/9/1,45.05
2016/9/2,45.96
2016/9/5,46.72
2016/9/6,46.21
2016/9/7,47
2016/9/8,49.23
2016/9/9,48.37
2016/9/12,47.82
2016/9/13,46.48
2016/9/14,45.65
2016/9/15,45.83
2016/9/16,45.26
2016/9/19,46.04
2016/9/20,45.24
2016/9/21,45.99
2016/9/22,47.21
2016/9/23,46.71
2016/9/26,46.61
2016/9/27,44.95
2016/9/28,45.49
2016/9/29,48.43
2016/9/30,48.24
2016/10/3,48.61
2016/10/4,48.81
2016/10/5,49.57
2016/10/6,50.14
2016/10/7,50.49
2016/10/10,51.54
2016/10/11,50.48
2016/10/12,49.53
2016/10/13,49.29
2016/10/14,48.87
2016/10/17,49.31
2016/10/18,49.81
2016/10/19,51.85
2016/10/20,50.42
2016/10/21,50.28
2016/10/24,49.8
2016/10/25,49.08
2016/10/26,48.98
2016/10/27,49.13
2016/10/28,47.78
2016/10/31,46.2
2016/11/1,45.77
2016/11/2,44.26
2016/11/3,43.84
2016/11/4,43.06
2016/11/7,42.83
2016/11/8,43.47
2016/11/9,43.88
2016/11/10,43.67
2016/11/11,41.61
2016/11/14,41.83
2016/11/15,44.15
2016/11/16,45.07
2016/11/17,44.57
2016/11/18,44.41
2016/11/21,45.96
2016/11/22,46.1
2016/11/23,46.54
2016/11/24,47.54
2016/11/25,46.32
2016/11/28,46.64
2016/11/29,44.68
2016/11/30,47.95
2016/12/1,52.28
2016/12/2,52.35
2016/12/5,53.3
2016/12/6,52.31
2016/12/7,51.9
2016/12/8,51.6
2016/12/9,52.19
2016/12/12,53.99
2016/12/13,53.28
2016/12/14,53.15
2016/12/15,51.72
2016/12/16,54.15
2016/12/19,53.53
2016/12/20,54.56
2016/12/21,53.01
2016/12/22,54.04
2016/12/23,53.93
2016/12/26,
2016/12/27,
2016/12/28,54.95
2016/12/29,54.97
2016/12/30,54.96
2017/1/2,
2017/1/3,55.05
2017/1/4,54.57
2017/1/5,54.99
2017/1/6,55.9
2017/1/9,54.39
2017/1/10,53.2
2017/1/11,53.61
2017/1/12,54.51
2017/1/13,54.37
2017/1/16,54.3
2017/1/17,54.68
2017/1/18,53.77
2017/1/19,53.18
2017/1/20,55.04
2017/1/23,54.8
2017/1/24,54.7
2017/1/25,54.34
2017/1/26,55.89
2017/1/27,54.8
2017/1/30,54.77
2017/1/31,55.25
2017/2/1,55.79
2017/2/2,55.94
2017/2/3,55.92
2017/2/6,55.02
2017/2/7,53.79
2017/2/8,54.42
2017/2/9,53.98
2017/2/10,55.2
2017/2/13,54.15
2017/2/14,54.96
2017/2/15,54.57
2017/2/16,54.16
2017/2/17,54.48
2017/2/20,55.25
2017/2/21,56.34
2017/2/22,54.9
2017/2/23,55.82
2017/2/24,54.69
2017/2/27,54.65
2017/2/28,53.36
2017/3/1,55.72
2017/3/2,54.16
2017/3/3,54.12
2017/3/6,54.73
2017/3/7,54.61
2017/3/8,53.3
2017/3/9,50.65
2017/3/10,50.63
2017/3/13,50.1
2017/3/14,49.6
2017/3/15,50.63
2017/3/16,50.56
2017/3/17,50.58
2017/3/20,50.67
2017/3/21,50.14
2017/3/22,49.56
2017/3/23,50.17
2017/3/24,49.97
2017/3/27,50.12
2017/3/28,50.72
2017/3/29,51.36
2017/3/30,52.25
2017/3/31,52.2
2017/4/3,52.04
2017/4/4,53.08
2017/4/5,53.41
2017/4/6,53.62
2017/4/7,54.24
2017/4/10,54.79
2017/4/11,54.73
2017/4/12,54.75
2017/4/13,55.05
2017/4/14,
2017/4/17,54.79
2017/4/18,52.6
2017/4/19,52.43
2017/4/20,50.66
2017/4/21,49.93
2017/4/24,49.45
2017/4/25,49.37
2017/4/26,49.99
2017/4/27,49.46
2017/4/28,49.46
2017/5/1,50.41
2017/5/2,49.31
2017/5/3,48.82
2017/5/4,47.53
2017/5/5,47.45
2017/5/8,46.61
2017/5/9,47.06
2017/5/10,48.09
2017/5/11,49.18
2017/5/12,49.08
2017/5/15,51.29
2017/5/16,51.21
2017/5/17,51.76
2017/5/18,51.71
2017/5/19,52.78
2017/5/22,53.35
2017/5/23,53.19
2017/5/24,53.29
2017/5/25,52.25
2017/5/26,50.84
2017/5/29,52.25
2017/5/30,50.65
2017/5/31,49.4
2017/6/1,50.41
2017/6/2,48.46
2017/6/5,48.25
2017/6/6,48.11
2017/6/7,47.08
2017/6/8,46.3
2017/6/9,46.64
2017/6/12,47.18
2017/6/13,46.95
2017/6/14,45.47
2017/6/15,45.61
2017/6/16,45.7
2017/6/19,45.93
2017/6/20,43.98
2017/6/21,44.62
2017/6/22,44.46
2017/6/23,44.14
2017/6/26,44.09
2017/6/27,46.17
2017/6/28,46.45
2017/6/29,47.02
2017/6/30,47.08
2017/7/3,49.13
2017/7/4,49.15
2017/7/5,47.58
2017/7/6,48.53
2017/7/7,46.47
2017/7/10,46.57
2017/7/11,46.68
2017/7/12,46.73
2017/7/13,47.65
2017/7/14,47.89
2017/7/17,47.66
2017/7/18,47.92
2017/7/19,48.34
2017/7/20,48.54
2017/7/21,47.47
2017/7/24,47.81
2017/7/25,49.19
2017/7/26,50.08
2017/7/27,50.67
2017/7/28,52
2017/7/31,51.99
2017/8/1,50.77
2017/8/2,52.09
2017/8/3,52.88
2017/8/4,52.48
2017/8/7,51.42
2017/8/8,52.18
2017/8/9,52.16
2017/8/10,52.59
2017/8/11,51.47
2017/8/14,51.29
2017/8/15,49.9
2017/8/16,50.39
2017/8/17,50.37
2017/8/18,50.96
2017/8/21,51.94
2017/8/22,52.29
2017/8/23,52.31
2017/8/24,51.73
2017/8/25,51.87
2017/8/28,51.87
2017/8/29,51.64
2017/8/30,51.91
2017/8/31,52.69
2017/9/1,53.15
2017/9/4,52.6
2017/9/5,53.63
2017/9/6,54.48
2017/9/7,54.16
2017/9/8,54.55
2017/9/11,54.2
2017/9/12,55.06
2017/9/13,55.52
2017/9/14,56.76
2017/9/15,56.18
2017/9/18,55.5
2017/9/19,56.58
2017/9/20,57.2
2017/9/21,57.73
2017/9/22,58.16
2017/9/25,59.42
2017/9/26,59.77
2017/9/27,58.74
2017/9/28,58.8
2017/9/29,57.02
2017/10/2,55.67
2017/10/3,56.12
2017/10/4,56
2017/10/5,57.09
2017/10/6,55.5
2017/10/9,55.29
2017/10/10,56.62
2017/10/11,56.13
2017/10/12,56.13
2017/10/13,56.86
2017/10/16,57.49
2017/10/17,57.63
2017/10/18,58.05
2017/10/19,57.82
2017/10/20,57.89
2017/10/23,57.69
2017/10/24,57.84
2017/10/25,58.45
2017/10/26,58.75
2017/10/27,60.15
2017/10/30,60.65
2017/10/31,61.35
2017/11/1,60.98
2017/11/2,60.79
2017/11/3,61.42
2017/11/6,64.27
2017/11/7,64.36
2017/11/8,63.96
2017/11/9,64.49
2017/11/10,64.35
2017/11/13,62.94
2017/11/14,60.91
2017/11/15,61.25
2017/11/16,61.18
2017/11/17,61.34
2017/11/20,61.34
2017/11/21,62.28
2017/11/22,62.92
2017/11/23,63.27
2017/11/24,63.58
2017/11/27,63.25
2017/11/28,63.56
2017/11/29,63.74
2017/11/30,63.53
2017/12/1,64.57
2017/12/4,63.45
2017/12/5,63.45
2017/12/6,62.25
2017/12/7,62.37
2017/12/8,63.86
2017/12/11,65.62
2017/12/12,64.96
2017/12/13,63.66
2017/12/14,63.72
2017/12/15,63.81
2017/12/18,64.45
2017/12/19,63.69
2017/12/20,64.43
2017/12/21,64.64
2017/12/22,64.61
2017/12/25,
2017/12/26,
2017/12/27,66.03
2017/12/28,66.8
2017/12/29,66.73
2018/1/1,
2018/1/2,66.65
2018/1/3,67.85
2018/1/4,68.73
2018/1/5,68.01
2018/1/8,68.48
2018/1/9,69.08
2018/1/10,69.79
2018/1/11,70.36
2018/1/12,69.64
2018/1/15,70.31
2018/1/16,69.4
2018/1/17,69.19
2018/1/18,69.48
2018/1/19,68.56
2018/1/22,69.32
2018/1/23,69.81
2018/1/24,69.91
2018/1/25,71.08
2018/1/26,70.08
2018/1/29,68.41
2018/1/30,67.78
2018/1/31,67.78
2018/2/1,68.6
2018/2/2,67.45
2018/2/5,67.69
2018/2/6,66.75
2018/2/7,65.74
2018/2/8,64.26
2018/2/9,63.04
2018/2/12,62.2
2018/2/13,61.94
2018/2/14,62.29
2018/2/15,62.86
2018/2/16,64.3
2018/2/19,64.95
2018/2/20,64.68
2018/2/21,64.81
2018/2/22,66.12
2018/2/23,67.04
2018/2/26,67.96
2018/2/27,67.59
2018/2/28,66.08
2018/3/1,64.23
2018/3/2,64.26
2018/3/5,65.78
2018/3/6,65.67
2018/3/7,65.09
2018/3/8,63.87
2018/3/9,65.19
2018/3/12,64.53
2018/3/13,64.2
2018/3/14,63.61
2018/3/15,63.67
2018/3/16,64.68
2018/3/19,64.82
2018/3/20,66
2018/3/21,68.15
2018/3/22,68.98
2018/3/23,69.03
2018/3/26,68.81
2018/3/27,68.63
2018/3/28,68.13
2018/3/29,69.02
2018/3/30,
2018/4/2,
2018/4/3,69.02
2018/4/4,66.04
2018/4/5,66.54
2018/4/6,66.51
2018/4/9,68.19
2018/4/10,70.67
2018/4/11,72.74
2018/4/12,71.44
2018/4/13,73.18
2018/4/16,72.05
2018/4/17,71.71
2018/4/18,73.73
2018/4/19,74.85
2018/4/20,74.62
2018/4/23,74.54
2018/4/24,75.86
2018/4/25,73.79
2018/4/26,75.39
2018/4/27,75.33
2018/4/30,75.92
2018/5/1,74.85
2018/5/2,73.14
2018/5/3,73.45
2018/5/4,74.75
2018/5/7,
2018/5/8,74.16
2018/5/9,77.6
2018/5/10,77.59
2018/5/11,77.37
2018/5/14,78.17
2018/5/15,78.94
2018/5/16,78.19
2018/5/17,80.09
2018/5/18,78.38
2018/5/21,78.34
2018/5/22,80.42
2018/5/23,78.69
2018/5/24,78.9
2018/5/25,76.6
2018/5/28,
2018/5/29,74.51
2018/5/30,75.89
2018/5/31,76.45
2018/6/1,74.54
2018/6/4,73.41
2018/6/5,72.91
2018/6/6,73.23
2018/6/7,75.23
2018/6/8,75.11
2018/6/11,74.58
2018/6/12,74.86
2018/6/13,75.07
2018/6/14,74.77
2018/6/15,72.02
2018/6/18,74.87
2018/6/19,74.92
2018/6/20,74.25
2018/6/21,72.87
2018/6/22,73.67
2018/6/25,72.82
2018/6/26,73.58
2018/6/27,76.09
2018/6/28,76.26
2018/6/29,77.44
2018/7/2,76.71
2018/7/3,75.87
2018/7/4,76.99
2018/7/5,77.09
2018/7/6,74.98
2018/7/9,77.08
2018/7/10,77.8
2018/7/11,75.35
2018/7/12,72.11
2018/7/13,74.11
2018/7/16,71.03
2018/7/17,70.87
2018/7/18,70.52
2018/7/19,71.94
2018/7/20,71.99
2018/7/23,73.45
2018/7/24,73.53
2018/7/25,73.67
2018/7/26,74.51
2018/7/27,74.84
2018/7/30,74.99
2018/7/31,74.16
2018/8/1,72.28
2018/8/2,72.95
2018/8/3,72.48
2018/8/6,72.51
2018/8/7,72.31
2018/8/8,70.71
2018/8/9,70.55
2018/8/10,71
2018/8/13,70.62
2018/8/14,70.77
2018/8/15,68.38
2018/8/16,69.21
2018/8/17,70.14
2018/8/20,71.11
2018/8/21,71.65
2018/8/22,72.96
2018/8/23,73.73
2018/8/24,74.41
2018/8/27,74.41
2018/8/28,75.91
2018/8/29,76.07
2018/8/30,77.05
2018/8/31,76.94
2018/9/3,77.81
2018/9/4,77.51
2018/9/5,76.68
2018/9/6,75.67
2018/9/7,75.55
2018/9/10,76.77
2018/9/11,78.22
2018/9/12,80.02
2018/9/13,77.66
2018/9/14,77.87
2018/9/17,78.22
2018/9/18,79.25
2018/9/19,79.43
2018/9/20,79.03
2018/9/21,78.9
2018/9/24,80.89
2018/9/25,82.21
2018/9/26,81.87
2018/9/27,81.54
2018/9/28,82.72
2018/10/1,84.94
2018/10/2,85.63
2018/10/3,85.45
2018/10/4,86.07
2018/10/5,85.12
2018/10/8,84.22
2018/10/9,85.16
2018/10/10,83.82
2018/10/11,81.35
2018/10/12,80.71
2018/10/15,80.91
2018/10/16,80.53
2018/10/17,79.91
2018/10/18,80.3
2018/10/19,80.38
2018/10/22,80.45
2018/10/23,78.67
2018/10/24,77.34
2018/10/25,77.3
2018/10/26,77.4
2018/10/29,77.56
2018/10/30,75.68
2018/10/31,74.84
2018/11/1,71.25
2018/11/2,71.11
2018/11/5,72.68
2018/11/6,70.64
2018/11/7,70.1
2018/11/8,69.29
2018/11/9,69.01
2018/11/12,69.81
2018/11/13,65.45
2018/11/14,64.88
2018/11/15,65.61
2018/11/16,65.29
2018/11/19,64.14
2018/11/20,61.5
2018/11/21,61.65
2018/11/22,61.11
2018/11/23,57.69
2018/11/26,59.7
2018/11/27,59.58
2018/11/28,57.97
2018/11/29,58.29
2018/11/30,57.71
2018/12/3,60.17
2018/12/4,61.22
2018/12/5,61.4
2018/12/6,57.83
2018/12/7,61.71
2018/12/10,60.29
2018/12/11,59.73
2018/12/12,59.94
2018/12/13,59.03
2018/12/14,58.56
2018/12/17,57.59
2018/12/18,55.26
2018/12/19,55.6
2018/12/20,52.84
2018/12/21,51.93
2018/12/24,
2018/12/25,
2018/12/26,
2018/12/27,51.49
2018/12/28,50.57
2018/12/31,
2019/1/1,
2019/1/2,54.06
2019/1/3,53.23
2019/1/4,55.64
2019/1/7,57.1
2019/1/8,56.91
2019/1/9,59.46
2019/1/10,60.47
2019/1/11,59.24
2019/1/14,58.8
2019/1/15,58.65
2019/1/16,59.81
2019/1/17,59.85
2019/1/18,62.04
2019/1/21,62.18
2019/1/22,60.9
2019/1/23,61.05
2019/1/24,61.09
2019/1/25,61.49
2019/1/28,59.71
2019/1/29,60.98
2019/1/30,61.89
2019/1/31,62.46
2019/2/1,61.86
2019/2/4,62.26
2019/2/5,61.67
2019/2/6,62.22
2019/2/7,61.01
2019/2/8,61.37
2019/2/11,61.3
2019/2/12,62.58
2019/2/13,63.27
2019/2/14,64
2019/2/15,65.65
2019/2/18,66.41
2019/2/19,65.86
2019/2/20,66.82
2019/2/21,66.91
2019/2/22,66.91
2019/2/25,64.02
2019/2/26,64.51
2019/2/27,65.55
2019/2/28,65.03
2019/3/1,63.71
2019/3/4,64.44
2019/3/5,64.24
2019/3/6,64.51
2019/3/7,64.82
2019/3/8,65.66
2019/3/11,65.06
2019/3/12,65.33
2019/3/13,65.89
2019/3/14,66.18
2019/3/15,66.11
2019/3/18,66.65
2019/3/19,67.13
2019/3/20,68.35
2019/3/21,68.3
2019/3/22,66.29
2019/3/25,67.37
2019/3/26,67.51
2019/3/27,67.35
2019/3/28,66.08
2019/3/29,67.93
2019/4/1,69.08
2019/4/2,69.68
2019/4/3,69.21
2019/4/4,69.8
2019/4/5,69.93
2019/4/8,71.12
2019/4/9,71.02
2019/4/10,71.63
2019/4/11,71.3
2019/4/12,71.57
2019/4/15,70.9
2019/4/16,70.74
2019/4/17,71.14
2019/4/18,70.71
2019/4/19,
2019/4/22,70.71
2019/4/23,74.39
2019/4/24,73.59
2019/4/25,74.94
2019/4/26,71.03
2019/4/29,71.22
2019/4/30,72.19
2019/5/1,72.01
2019/5/2,70.56
2019/5/3,71.95
2019/5/6,71.95
2019/5/7,70.98
2019/5/8,71.09
2019/5/9,70.61
2019/5/10,71.63
2019/5/13,72.35
2019/5/14,72.53
2019/5/15,73.09
2019/5/16,74.7
2019/5/17,73.94
2019/5/20,73.21
2019/5/21,72.94
2019/5/22,71.94
2019/5/23,68.37
2019/5/24,67.98
2019/5/27,
2019/5/28,70.19
2019/5/29,70.64
2019/5/30,69.55
2019/5/31,66.78
2019/6/3,63.16
2019/6/4,63.56
2019/6/5,62.14
2019/6/6,62.77
2019/6/7,64.1
2019/6/10,64.31
2019/6/11,63.56
2019/6/12,61.66
2019/6/13,63.28
2019/6/14,63.13
2019/6/17,62.56
2019/6/18,63.35
2019/6/19,62.85
2019/6/20,65.44
2019/6/21,65.99
2019/6/24,65.16
2019/6/25,66.24
2019/6/26,66.85
2019/6/27,66.78
2019/6/28,67.52
2019/7/1,65.1
2019/7/2,62.72
2019/7/3,63.53
2019/7/4,63.62
2019/7/5,64.23
2019/7/8,64.89
2019/7/9,64.3
2019/7/10,66.41
2019/7/11,67.64
2019/7/12,66.65
2019/7/15,66.86
2019/7/16,65.87
2019/7/17,63.67
2019/7/18,60.7
2019/7/19,61.04
2019/7/22,61.96
2019/7/23,62.28
2019/7/24,63.83
2019/7/25,63.47
2019/7/26,62.46
2019/7/29,62.29
2019/7/30,62.55
2019/7/31,64.07
2019/8/1,62.9
2019/8/2,61.12
2019/8/5,59.32
2019/8/6,58.63
2019/8/7,55.03
2019/8/8,56.29
2019/8/9,57.37
2019/8/12,57.13
2019/8/13,59.9
2019/8/14,57.86
2019/8/15,57.37
2019/8/16,59
2019/8/19,59.79
2019/8/20,59.03
2019/8/21,60.6
2019/8/22,59.81
2019/8/23,58.64
2019/8/26,58.64
2019/8/27,58.44
2019/8/28,60.42
2019/8/29,60.59
2019/8/30,61.04
2019/9/2,58.55
2019/9/3,57.93
2019/9/4,60.68
2019/9/5,62.7
2019/9/6,61.28
2019/9/9,63.99
2019/9/10,64.67
2019/9/11,63.02
2019/9/12,60.76
2019/9/13,61.25
2019/9/16,68.42
2019/9/17,65.59
2019/9/18,64.29
2019/9/19,64.25
2019/9/20,65.23
2019/9/23,64.66
2019/9/24,64.13
2019/9/25,62.41
2019/9/26,62.08
2019/9/27,62.48
2019/9/30,60.99
2019/10/1,60.06
2019/10/2,57.92
2019/10/3,58.01
2019/10/4,59.13
2019/10/7,59.46
2019/10/8,58.14
2019/10/9,59.7
2019/10/10,59.08
2019/10/11,60.59
2019/10/14,58.81
2019/10/15,59.19
2019/10/16,59.3
2019/10/17,59.35
2019/10/18,59.96
2019/10/21,58.95
2019/10/22,60.5
2019/10/23,60.52
2019/10/24,61.71
2019/10/25,62.06
2019/10/28,60.39
2019/10/29,61.05
2019/10/30,60.22
2019/10/31,59.3
2019/11/1,60.17
2019/11/4,62.52
2019/11/5,62.72
2019/11/6,62.11
2019/11/7,62.6
2019/11/8,62
2019/11/11,62.58
2019/11/12,62.19
2019/11/13,62.27
2019/11/14,62.46
2019/11/15,63.32
2019/11/18,62.82
2019/11/19,62.37
2019/11/20,63.8
2019/11/21,64.99
2019/11/22,64.83
2019/11/25,64.67
2019/11/26,64.82
2019/11/27,65.03
2019/11/28,64.68
2019/11/29,64.5
2019/12/2,63.2
2019/12/3,62.95
2019/12/4,65.25
2019/12/5,65.67
2019/12/6,66.5
2019/12/9,66.44
2019/12/10,66.57
2019/12/11,65.37
2019/12/12,66.67
2019/12/13,67.44
2019/12/16,68.04
2019/12/17,68.99
2019/12/18,69.12
2019/12/19,69.7
2019/12/20,68.66
2019/12/23,67.49
2019/12/24,69.26
2019/12/25,
2019/12/26,69.26
2019/12/27,68.91
2019/12/30,68.3
2019/12/31,67.77
2020/1/1,
2020/1/2,67.05
2020/1/3,69.08
2020/1/6,70.25
2020/1/7,68.74
2020/1/8,67.31
2020/1/9,66.58
2020/1/10,66.77
2020/1/13,64.14
2020/1/14,64.45
2020/1/15,63.29
2020/1/16,64.63
2020/1/17,64.05
2020/1/20,64.63
2020/1/21,63.66
2020/1/22,62.11
2020/1/23,61.26
2020/1/24,59.34
2020/1/27,58.54
2020/1/28,59.37
2020/1/29,59.46
2020/1/30,57.72
2020/1/31,57.77
2020/2/3,54
2020/2/4,53.9
2020/2/5,55.36
2020/2/6,55.18
2020/2/7,54.53
2020/2/10,53.39
2020/2/11,54
2020/2/12,55.54
2020/2/13,56.34
2020/2/14,57.37
2020/2/17,57.83
2020/2/18,57.35
2020/2/19,59.72
2020/2/20,59.57
2020/2/21,58.6
2020/2/24,56.71
2020/2/25,55.29
2020/2/26,54.96
2020/2/27,52.19
2020/2/28,51.31
2020/3/2,52.52
2020/3/3,52.24
2020/3/4,51.86
2020/3/5,51.29
2020/3/6,45.6
2020/3/9,35.33
2020/3/10,35.57
2020/3/11,34.45
2020/3/12,31.02
2020/3/13,32.25
2020/3/16,27.98
2020/3/17,27.97
2020/3/18,22.79
2020/3/19,23.98
2020/3/20,25.55
2020/3/23,23.75
2020/3/24,24.5
2020/3/25,25.62
2020/3/26,23.55
2020/3/27,22.39
2020/3/30,19.19
2020/3/31,14.85
2020/4/1,14.97
2020/4/2,20.24
2020/4/3,24.33
2020/4/6,22.58
2020/4/7,22.1
2020/4/8,25.22
2020/4/9,20.23
2020/4/10,
2020/4/13,
2020/4/14,21.74
2020/4/15,19.8
2020/4/16,18.69
2020/4/17,19.75
2020/4/20,17.36
2020/4/21,9.12
2020/4/22,13.77
2020/4/23,15.06
2020/4/24,15.87
2020/4/27,15.17
2020/4/28,15.6
2020/4/29,17.86
2020/4/30,18.11
2020/5/1,18.49
2020/5/4,20.4
2020/5/5,25.46
2020/5/6,24.2
2020/5/7,24.23
2020/5/8,
2020/5/11,25.53
2020/5/12,26.67
2020/5/13,27.89
2020/5/14,29.87
2020/5/15,30.95
2020/5/18,33.3
2020/5/19,33.06
2020/5/20,34.76
2020/5/21,34.78
2020/5/22,33.8
2020/5/25,
2020/5/26,33.95
2020/5/27,32.73
2020/5/28,33.98
2020/5/29,34.15
2020/6/1,36.74
2020/6/2,37.72
2020/6/3,37.98
2020/6/4,38.41
2020/6/5,41
2020/6/8,39.66
2020/6/9,40.45
2020/6/10,41.18
2020/6/11,37.76
2020/6/12,38.54
2020/6/15,39.44
2020/6/16,40.75
2020/6/17,40.47
2020/6/18,41.75
2020/6/19,42.33
2020/6/22,43.2
2020/6/23,42.72
2020/6/24,40.4
2020/6/25,41.18
2020/6/26,40.97
2020/6/29,41.58
2020/6/30,41.64
2020/7/1,42.18
2020/7/2,43.19
2020/7/3,42.92
2020/7/6,42.73
2020/7/7,43.28
2020/7/8,43.67
2020/7/9,42.35
2020/7/10,43.27
2020/7/13,42.85
2020/7/14,42.97
2020/7/15,43.96
2020/7/16,43.71
2020/7/17,43.53
2020/7/20,43.3
2020/7/21,44.31
2020/7/22,43.98
2020/7/23,42.96
2020/7/24,43.29
2020/7/27,43.39
2020/7/28,43.11
2020/7/29,43.51
2020/7/30,42.98
2020/7/31,43.13
2020/8/3,43.76
2020/8/4,43.99
2020/8/5,44.92
2020/8/6,45.04
2020/8/7,44.07
2020/8/10,44.19
2020/8/11,43.68
2020/8/12,45.09
2020/8/13,44.87
2020/8/14,44.86
2020/8/17,44.91
2020/8/18,45.34
2020/8/19,45.21
2020/8/20,44.56
2020/8/21,43.94
2020/8/24,44.43
2020/8/25,46.01
2020/8/26,45.79
2020/8/27,44.84
2020/8/28,45.22
2020/8/31,
2020/9/1,45.72
2020/9/2,42.7
2020/9/3,42.72
2020/9/4,41.1
2020/9/7,40.67
2020/9/8,38.53
2020/9/9,39.98
2020/9/10,39.27
2020/9/11,38.8
2020/9/14,38.57
2020/9/15,39.54
2020/9/16,41.23
2020/9/17,42.35
2020/9/18,42.16
2020/9/21,40.37
2020/9/22,40.84
2020/9/23,41.09
2020/9/24,41.24
2020/9/25,40.91
2020/9/28,41.59
2020/9/29,40.33
2020/9/30,40.3
2020/10/1,39.75
2020/10/2,38
2020/10/5,39.78
2020/10/6,41.27
2020/10/7,40.62
2020/10/8,42
2020/10/9,41.63
2020/10/12,40.5
2020/10/13,41.34
2020/10/14,41.81
2020/10/15,41.61
2020/10/16,41.34
2020/10/19,41.29
2020/10/20,41.62
2020/10/21,40.09
2020/10/22,41.28
2020/10/23,40.71
2020/10/26,39.06
2020/10/27,39.72
2020/10/28,37.86
2020/10/29,36.56
2020/10/30,36.33
2020/11/2,37.78
2020/11/3,38.17
2020/11/4,39.68
2020/11/5,39.47
2020/11/6,38.08
2020/11/9,40.93
2020/11/10,42.25
2020/11/11,42.5
2020/11/12,42.16
2020/11/13,41.51
2020/11/16,42.71
2020/11/17,42.54
2020/11/18,42.91
2020/11/19,43.09
2020/11/20,43.79
2020/11/23,45
2020/11/24,46.63
2020/11/25,47.3
2020/11/26,46.32
2020/11/27,46.88
2020/11/30,46.84
2020/12/1,47.03
2020/12/2,47.8
2020/12/3,48.37
2020/12/4,49.1
2020/12/7,48.63
2020/12/8,48.84
2020/12/9,48.81
2020/12/10,50.33
2020/12/11,50.01
2020/12/14,50.27
2020/12/15,50.77
2020/12/16,50.83
2020/12/17,51.2
2020/12/18,52.17
2020/12/21,50.61
2020/12/22,49.88
2020/12/23,51.05
2020/12/24,50.88
2020/12/25,
2020/12/28,50.88
2020/12/29,50.44
2020/12/30,50.74
2020/12/31,51.22
2021/1/1,
2021/1/4,50.37
2021/1/5,53.16
2021/1/6,53.8
2021/1/7,53.7
2021/1/8,55.51
2021/1/11,54.84
2021/1/12,55.98
2021/1/13,55.52
2021/1/14,55.76
2021/1/15,54.8
2021/1/18,54.21
2021/1/19,55.38
2021/1/20,55.66
2021/1/21,55.68
2021/1/22,55.22
2021/1/25,55.44
2021/1/26,55.26
2021/1/27,55.07
2021/1/28,54.87
2021/1/29,55.25
2021/2/1,56.42
2021/2/2,57.62
2021/2/3,58.61
2021/2/4,58.98
2021/2/5,59.48
2021/2/8,60.17
2021/2/9,60.74
2021/2/10,61.17
2021/2/11,61.09
2021/2/12,62.47
2021/2/15,63.58
2021/2/16,63.96
2021/2/17,65.02
2021/2/18,64.09
2021/2/19,62.84
2021/2/22,64.73
2021/2/23,65.16
2021/2/24,66.85
2021/2/25,66.69
2021/2/26,65.86
2021/3/1,64.56
2021/3/2,63.17
2021/3/3,64.7
2021/3/4,67.32
2021/3/5,69.95
2021/3/8,68
2021/3/9,67.03
2021/3/10,67.53
2021/3/11,69.34
2021/3/12,68.87
2021/3/15,68.78
2021/3/16,67.95
2021/3/17,67.73
2021/3/18,62.11
2021/3/19,64
2021/3/22,63.89
2021/3/23,59.96
2021/3/24,63.7
2021/3/25,61.21
2021/3/26,63.77
2021/3/29,64.06
2021/3/30,63.28
2021/3/31,63.52
2021/4/1,63.85
2021/4/2,
2021/4/5,
2021/4/6,61.47
2021/4/7,61.86
2021/4/8,62.09
2021/4/9,61.89
2021/4/12,62.38
2021/4/13,62.83
2021/4/14,66.11
2021/4/15,66.13
2021/4/16,65.98
2021/4/19,66.54
2021/4/20,65.34
2021/4/21,64.02
2021/4/22,65.07
2021/4/23,65.75
2021/4/26,65.5
2021/4/27,66.25
2021/4/28,67.08
2021/4/29,68.26
2021/4/30,67.73
2021/5/3,
2021/5/4,68.91
2021/5/5,69.71
2021/5/6,68.62
2021/5/7,68.73
2021/5/10,68.61
2021/5/11,68.83
2021/5/12,69.62
2021/5/13,67.36
2021/5/14,69.24
2021/5/17,69.62
2021/5/18,69.01
2021/5/19,66.88
2021/5/20,65.18
2021/5/21,66.72
2021/5/24,68.59
2021/5/25,68.8
2021/5/26,68.93
2021/5/27,69.43
2021/5/28,69.36
2021/5/31,
2021/6/1,70.03
2021/6/2,70.6
2021/6/3,70.71
2021/6/4,71.3
2021/6/7,70.89
2021/6/8,71.39
2021/6/9,71.31
2021/6/10,71.65
2021/6/11,72.05
2021/6/14,72.27
2021/6/15,73.38
2021/6/16,73.88
2021/6/17,72.92
2021/6/18,73.1
2021/6/21,74.49
2021/6/22,74.92
2021/6/23,75.22
2021/6/24,75.95
2021/6/25,76.45
2021/6/28,74.78
2021/6/29,75.38
2021/6/30,76.94
2021/7/1,76.69
2021/7/2,77.51
2021/7/5,78.34
2021/7/6,75.81
2021/7/7,74.31
2021/7/8,75.07
2021/7/9,77.14
2021/7/12,76.77
2021/7/13,77.5
2021/7/14,75.74
2021/7/15,74.53
2021/7/16,74.46
2021/7/19,69.33
2021/7/20,70.03
2021/7/21,72.54
2021/7/22,74.25
2021/7/23,74.86
2021/7/26,74.79
2021/7/27,74.87
2021/7/28,75.09
2021/7/29,76.3
2021/7/30,77.72
2021/8/2,73.91
2021/8/3,73.24
2021/8/4,70.99
2021/8/5,72.14
2021/8/6,71.02
2021/8/9,69.65
2021/8/10,71.14
2021/8/11,71.99
2021/8/12,71.79
2021/8/13,70.9
2021/8/16,70.07
2021/8/17,69.4
2021/8/18,68.61
2021/8/19,66.8
2021/8/20,65.51
2021/8/23,69.07
2021/8/24,71.21
2021/8/25,72.12
2021/8/26,70.42
2021/8/27,72.26
2021/8/30,
2021/8/31,73.45
2021/9/1,71.99
2021/9/2,73.56
2021/9/3,73.07
2021/9/6,72.43
2021/9/7,71.52
2021/9/8,72.36
2021/9/9,71.32
2021/9/10,72.44
2021/9/13,72.97
2021/9/14,73.05
2021/9/15,74.84
2021/9/16,75.14
2021/9/17,74.64
2021/9/20,73.59
2021/9/21,73.65
2021/9/22,75.5
2021/9/23,76.44
2021/9/24,77.42
2021/9/27,78.85
2021/9/28,78.3
2021/9/29,77.86
2021/9/30,77.81
2021/10/1,79.4
2021/10/4,81.44
2021/10/5,82.72
2021/10/6,81.39
2021/10/7,82.34
2021/10/8,82.17
2021/10/11,83.75
2021/10/12,83.53
2021/10/13,83.53
2021/10/14,83.86
2021/10/15,84.67
2021/10/18,84.13
2021/10/19,85.02
2021/10/20,85.76
2021/10/21,84.58
2021/10/22,85.43
2021/10/25,84.85
2021/10/26,85.11
2021/10/27,84.12
2021/10/28,83.4
2021/10/29,83.1
2021/11/1,84.51
2021/11/2,84.42
2021/11/3,81.1
2021/11/4,80.15
2021/11/5,82.43
2021/11/8,83.22
2021/11/9,84.52
2021/11/10,82.91
2021/11/11,83.4
2021/11/12,82.9
2021/11/15,81.94
2021/11/16,82.85
2021/11/17,80.67
2021/11/18,82.45
2021/11/19,80.24
2021/11/22,80.97
2021/11/23,83.43
2021/11/24,82.37
2021/11/25,82.05
2021/11/26,72.37
2021/11/29,73.34
2021/11/30,70.86
2021/12/1,69.53
2021/12/2,70.56
2021/12/3,70.71
2021/12/6,73.38
2021/12/7,75.54
2021/12/8,75.94
2021/12/9,74.1
2021/12/10,74.98
2021/12/13,74.12
2021/12/14,73.37
2021/12/15,73.71
2021/12/16,74.64
2021/12/17,72.97
2021/12/20,70.51
2021/12/21,72.85
2021/12/22,74.69
2021/12/23,76.26
2021/12/24,75.24
2021/12/27,
2021/12/28,
2021/12/29,78.63
2021/12/30,78.61
2021/12/31,77.24
2022/1/3,78.25
2022/1/4,79.39
2022/1/5,80.6
2022/1/6,81.99
2022/1/7,82.28
2022/1/10,81.56
2022/1/11,84.98
2022/1/12,85.83
2022/1/13,85.8
2022/1/14,87.17
2022/1/17,87.82
2022/1/18,88.83
2022/1/19,89.64
2022/1/20,89.75
2022/1/21,89.75
2022/1/24,87.74
2022/1/25,89.49
2022/1/26,91.22
2022/1/27,90.7
2022/1/28,91.47
2022/1/31,92.35
2022/2/1,90.24
2022/2/2,91.43
2022/2/3,92.99
2022/2/4,96.86
2022/2/7,97.28
2022/2/8,96.07
2022/2/9,94.95
2022/2/10,96.37
2022/2/11,97.5
2022/2/14,101.66
2022/2/15,98.43
2022/2/16,97.44
2022/2/17,95.28
2022/2/18,96.18
2022/2/21,98.95
2022/2/22,98.73
2022/2/23,99.29
2022/2/24,101.29
2022/2/25,98.56
2022/2/28,103.08
2022/3/1,110.93
2022/3/2,118.94
2022/3/3,115.36
2022/3/4,123.86
2022/3/7,129.02
2022/3/8,133.18
2022/3/9,116.58
2022/3/10,114.54
2022/3/11,118.11
2022/3/14,110.39
2022/3/15,105.14
2022/3/16,104.61
2022/3/17,113.5
2022/3/18,114.32
2022/3/21,122.29
2022/3/22,121.53
2022/3/23,127.52
2022/3/24,123.98
2022/3/25,122.67
2022/3/28,114.5
2022/3/29,112.79
2022/3/30,115.59
2022/3/31,107.29
2022/4/1,106.13
2022/4/4,108.15
2022/4/5,106.6
2022/4/6,100.81
2022/4/7,99.83
2022/4/8,101.26
2022/4/11,97.92
2022/4/12,104.42
2022/4/13,108.49
2022/4/14,110.83
2022/4/15,
2022/4/18,
2022/4/19,105.49
2022/4/20,105.05
2022/4/21,107.2
2022/4/22,105.15
2022/4/25,99.27
2022/4/26,102.89
2022/4/27,103.3
2022/4/28,105.78
2022/4/29,108.36
2022/5/2,
2022/5/3,104.94
2022/5/4,110.53
2022/5/5,112.11
2022/5/6,113.86
2022/5/9,106.67
2022/5/10,102.61
2022/5/11,107.7
2022/5/12,108.06
2022/5/13,112.12
2022/5/16,114.86
2022/5/17,112.89
2022/5/18,110.04
2022/5/19,113.22
2022/5/20,113.63
2022/5/23,115.13
2022/5/24,115.77
2022/5/25,116.41
2022/5/26,119.81
2022/5/27,121.19
2022/5/30,123.01
2022/5/31,125.53
2022/6/1,122.2
2022/6/2,
2022/6/3,125.68
2022/6/6,124.99
2022/6/7,126.89
2022/6/8,129.2
2022/6/9,128.47
2022/6/10,127.44
2022/6/13,128.44
2022/6/14,127.02
2022/6/15,124.96
2022/6/16,125.78
2022/6/17,119.22
2022/6/20,118.25
2022/6/21,118.51
2022/6/22,115.54
2022/6/23,114.5
2022/6/24,117.36
2022/6/27,119.69
2022/6/28,122.21
2022/6/29,120.8
2022/6/30,119.78
2022/7/1,119.21
2022/7/4,121.8
2022/7/5,110.49
2022/7/6,108.54
2022/7/7,113.4
2022/7/8,113.95
2022/7/11,114.85
2022/7/12,106.98
2022/7/13,107.17
2022/7/14,107.74
2022/7/15,112.26
2022/7/18,117.27
2022/7/19,114.96
2022/7/20,115.86
2022/7/21,112.81
2022/7/22,106.77
2022/7/25,108.23
2022/7/26,107.32
2022/7/27,109.64
2022/7/28,109.68
2022/7/29,111.51
2022/8/1,106.09
2022/8/2,106.51
2022/8/3,101.82
2022/8/4,97.99
2022/8/5,100.31
2022/8/8,103.46
2022/8/9,103.81
2022/8/10,105.06
2022/8/11,107.19
2022/8/12,103.7
2022/8/15,98.25
2022/8/16,95.36
2022/8/17,97.22
2022/8/18,96.35
2022/8/19,96.45
2022/8/22,95.06
2022/8/23,99.49
2022/8/24,99.87
2022/8/25,98.81
2022/8/26,101.13
2022/8/29,
2022/8/30,99.34
2022/8/31,96.55
2022/9/1,92.24
2022/9/2,93.09
2022/9/5,94.22
2022/9/6,91.43
2022/9/7,86.83
2022/9/8,87.99
2022/9/9,91.68
2022/9/12,93.45
2022/9/13,92.04
2022/9/14,92.83
2022/9/15,89.28
2022/9/16,89.43
2022/9/19,
2022/9/20,89.62
2022/9/21,89.86
2022/9/22,90.4
2022/9/23,84.29
2022/9/26,82.55
2022/9/27,85.97
2022/9/28,89.55
2022/9/29,89.41
2022/9/30,88.9
2022/10/3,90.68
2022/10/4,93.74
2022/10/5,94.35
2022/10/6,95.65
2022/10/7,98.88
2022/10/10,97.13
2022/10/11,95.17
2022/10/12,93.44
2022/10/13,95.16
2022/10/14,92.22
2022/10/17,91.04
2022/10/18,89.46
2022/10/19,91.34
2022/10/20,91.52
2022/10/21,91.82
2022/10/24,91.57
2022/10/25,91.76
2022/10/26,92.93
2022/10/27,94.17
2022/10/28,94.64
2022/10/31,93.3
2022/11/1,95.12
2022/11/2,96.07
2022/11/3,95.29
2022/11/4,99.53
2022/11/7,99.87
2022/11/8,96.85
2022/11/9,93.05
2022/11/10,94.25
2022/11/11,96.37
2022/11/14,93.59
2022/11/15,94.3
2022/11/16,92.61
2022/11/17,91
2022/11/18,88.93
2022/11/21,88.44
2022/11/22,88.65
2022/11/23,85.9
2022/11/24,85.59
2022/11/25,83.4
2022/11/28,83.5
2022/11/29,83.22
2022/11/30,85.61
2022/12/1,86.28
2022/12/2,86.54
2022/12/5,83.36
2022/12/6,79.92
2022/12/7,77.11
2022/12/8,76.02
2022/12/9,76.37
2022/12/12,78
2022/12/13,80.14
2022/12/14,83.33
2022/12/15,82.34
2022/12/16,80.2
2022/12/19,81.66
2022/12/20,79.45
2022/12/21,80.25
2022/12/22,79.58
2022/12/23,82.45
2022/12/26,
2022/12/27,
2022/12/28,81.7
2022/12/29,80.96
2022/12/30,82.82
2023/1/2,
2023/1/3,80.36
2023/1/4,75.31
2023/1/5,76.73
2023/1/6,76.41
2023/1/9,77.5
2023/1/10,78.4
2023/1/11,81.11
2023/1/12,82.59
2023/1/13,83.43
2023/1/16,82.65
2023/1/17,84.38
2023/1/18,83.78
2023/1/19,85.08
2023/1/20,86.96
2023/1/23,87.54
2023/1/24,85.25
2023/1/25,85.08
2023/1/26,86.29
2023/1/27,85.36
2023/1/30,84.9
2023/1/31,83.42
2023/2/1,81.61
2023/2/2,80.57
2023/2/3,78.85
2023/2/6,80.48
2023/2/7,82.92
2023/2/8,84.17
2023/2/9,83.46
2023/2/10,85.46
2023/2/13,85.98
2023/2/14,84.96
2023/2/15,84.11
2023/2/16,83.84
2023/2/17,81.97
2023/2/20,82.79
2023/2/21,82.14
2023/2/22,79.55
2023/2/23,82.08
2023/2/24,82.31
2023/2/27,81.24
2023/2/28,83.21
2023/3/1,83.68
2023/3/2,84.15
2023/3/3,85.74
2023/3/6,85.86
2023/3/7,83.03
2023/3/8,82.1
2023/3/9,81
2023/3/10,82.3
2023/3/13,79.67
2023/3/14,76.77
2023/3/15,74.3
2023/3/16,73.12
2023/3/17,71.03
2023/3/20,72.42
2023/3/21,74.78
2023/3/22,76.08
2023/3/23,74.31
2023/3/24,73.63
2023/3/27,76.8
2023/3/28,78.07
2023/3/29,77.51
2023/3/30,78.45
2023/3/31,79.19
2023/4/3,85.81
2023/4/4,85.7
2023/4/5,85.89
2023/4/6,86.56
2023/4/7,
2023/4/10,
2023/4/11,87.32
2023/4/12,88.31
2023/4/13,86.51
2023/4/14,87.31
2023/4/17,85.63
2023/4/18,85.48
2023/4/19,85.34
2023/4/20,83.29
2023/4/21,83.36
2023/4/24,84.23
2023/4/25,82.13
2023/4/26,79.19
2023/4/27,80.11
2023/4/28,81.32
2023/5/1,
2023/5/2,76.71
2023/5/3,72.91
2023/5/4,73
2023/5/5,75.85
2023/5/8,
2023/5/9,77.76
2023/5/10,76.7
2023/5/11,75.32
2023/5/12,74.54
2023/5/15,75.46
2023/5/16,75.15
2023/5/17,76.98
2023/5/18,75.75
2023/5/19,75.42
2023/5/22,75.77
2023/5/23,76.66
2023/5/24,77.99
2023/5/25,75.66
2023/5/26,76.33
2023/5/29,
2023/5/30,73.38
2023/5/31,71.98
2023/6/1,74.18
2023/6/2,76
2023/6/5,76.61
2023/6/6,76.22
2023/6/7,76.85
2023/6/8,75.88
2023/6/9,74.74
2023/6/12,71.8
2023/6/13,74.24
2023/6/14,73.39
2023/6/15,75.75
2023/6/16,76.76
2023/6/19,76.09
2023/6/20,75.79
2023/6/21,76.92
2023/6/22,73.93
2023/6/23,73.56
2023/6/26,73.86
2023/6/27,71.88
2023/6/28,73.64
2023/6/29,73.86
2023/6/30,74.51
2023/7/3,74.52
2023/7/4,76.23
2023/7/5,76.74
2023/7/6,76.72
2023/7/7,78.77
2023/7/10,77.83
2023/7/11,79.54
2023/7/12,80.35
2023/7/13,81.31
2023/7/14,79.9
2023/7/17,77.8
2023/7/18,79.54
2023/7/19,79.38
2023/7/20,79.62
2023/7/21,81.06
2023/7/24,82.53
2023/7/25,83.46
2023/7/26,82.98
2023/7/27,84.28
2023/7/28,84.49
2023/7/31,85.22
2023/8/1,85.34
2023/8/2,84.01
2023/8/3,86.19
2023/8/4,87.38
2023/8/7,86.47
2023/8/8,88
2023/8/9,89.31
2023/8/10,87.44
2023/8/11,87.93
2023/8/14,87.4
2023/8/15,86.28
2023/8/16,84.49
2023/8/17,85.24
2023/8/18,85.92
2023/8/21,85.44
2023/8/22,84.7
2023/8/23,83.94
2023/8/24,84.07
2023/8/25,85.42
2023/8/28,
2023/8/29,86.37
2023/8/30,86.62
2023/8/31,87.29
2023/9/1,89.98
2023/9/4,90.42
2023/9/5,91.25
2023/9/6,91.79
2023/9/7,91.16
2023/9/8,91.85
2023/9/11,91.97
2023/9/12,93.58
2023/9/13,93.04
2023/9/14,95.2
2023/9/15,95.55
2023/9/18,95.95
2023/9/19,96.11
2023/9/20,94.56
2023/9/21,93.7
2023/9/22,93.99
2023/9/25,94.01
2023/9/26,94.46
2023/9/27,97.1
2023/9/28,96.64
2023/9/29,95.86
2023/10/2,91.21
2023/10/3,94.46
2023/10/4,89.83
2023/10/5,88.28
2023/10/6,87.86
2023/10/9,91.37
2023/10/10,90.7
2023/10/11,87.58
2023/10/12,88.4
2023/10/13,94.33
2023/10/16,90.99
2023/10/17,92.52
2023/10/18,91.99
2023/10/19,93.12
2023/10/20,93.72
2023/10/23,91.88
2023/10/24,88
2023/10/25,90.14
2023/10/26,88.45
2023/10/27,90.73
2023/10/30,90.73
2023/10/31,86.82
2023/11/1,86.92
2023/11/2,89.02
2023/11/3,87.55
2023/11/6,87.31
2023/11/7,83.43
2023/11/8,81.46
2023/11/9,81.74
2023/11/10,83.66
2023/11/13,84.09
2023/11/14,84.2
2023/11/15,82.4
2023/11/16,77.73
2023/11/17,81.22
2023/11/20,83.25
2023/11/21,82.42
2023/11/22,81.76
2023/11/23,80.85
2023/11/24,79.82
2023/11/27,79.49
2023/11/28,81.66
2023/11/29,82.98
2023/11/30,81.72
2023/12/1,78.72
2023/12/4,78.16
2023/12/5,77.27
2023/12/6,74.33
2023/12/7,74.21
2023/12/8,75.94
2023/12/11,75.75
2023/12/12,74.11
2023/12/13,74.14
2023/12/14,77.05
2023/12/15,76.84
2023/12/18,78.89
2023/12/19,79.82
2023/12/20,81.1
2023/12/21,80.73
2023/12/22,80.23
2023/12/25,
2023/12/26,
2023/12/27,80.97
2023/12/28,79.04
2023/12/29,77.69
2024/1/1,
2024/1/2,76.24
2024/1/3,77.18
2024/1/4,75.79
2024/1/5,78.31
2024/1/8,75.47
2024/1/9,77.97
2024/1/10,78.46
2024/1/11,80.21
2024/1/12,79.89
2024/1/15,79.76
2024/1/16,80.15
2024/1/17,78.88
2024/1/18,81.04
2024/1/19,80.71
2024/1/22,81.7
2024/1/23,82.04
2024/1/24,82.15
2024/1/25,82.33
2024/1/26,83.34
2024/1/29,83.99
2024/1/30,84.14
2024/1/31,82.98
2024/2/1,82.2
2024/2/2,79.54
2024/2/5,79.3
2024/2/6,80.46
2024/2/7,81.18
2024/2/8,83.01
2024/2/9,83.58
2024/2/12,83.88
2024/2/13,84.72
2024/2/14,84.41
2024/2/15,84.33
2024/2/16,84.88
2024/2/19,85.52
2024/2/20,84.78
2024/2/21,84.77
2024/2/22,85.84
2024/2/23,84.18
2024/2/26,84.01
2024/2/27,83.8
2024/2/28,84.08
2024/2/29,84.57
2024/3/1,84.82
2024/3/4,86.58
2024/3/5,85.82
2024/3/6,86.59
2024/3/7,84.88
2024/3/8,84.29
2024/3/11,83.44
2024/3/12,83.66
2024/3/13,83.95
2024/3/14,86.16
2024/3/15,85.39
2024/3/18,86.47
2024/3/19,87.36
2024/3/20,85.77
2024/3/21,84.92
2024/3/22,84.87
2024/3/25,86.18
2024/3/26,85.91
2024/3/27,84.94
2024/3/28,86.17
2024/3/29,
2024/4/1,
2024/4/2,87.63
2024/4/3,90.6
2024/4/4,90.32
2024/4/5,92.81
2024/4/8,91.73
2024/4/9,92.13
2024/4/10,91.57
2024/4/11,91.49
2024/4/12,93.12
2024/4/15,90.84
2024/4/16,91.29
2024/4/17,89.54
2024/4/18,88.34
2024/4/19,87.96
2024/4/22,87.3
2024/4/23,88.29
2024/4/24,89.02
2024/4/25,88.1
2024/4/26,89.95
2024/4/29,88.44
2024/4/30,88.23
2024/5/1,83.55
2024/5/2,84.81
2024/5/3,83.6
2024/5/6,
2024/5/7,82.69
2024/5/8,82.44
2024/5/9,83.27
2024/5/10,83.39
2024/5/13,83.18
2024/5/14,81
2024/5/15,79.98
2024/5/16,81.65
2024/5/17,82.24
2024/5/20,81.91
2024/5/21,81.22
2024/5/22,79.9
2024/5/23,79.25
2024/5/24,78.92
2024/5/27,
2024/5/28,81.34
2024/5/29,81.5
2024/5/30,81.42
2024/5/31,79.41
2024/6/3,76.45
2024/6/4,75.33
2024/6/5,75.41
2024/6/6,77.62
2024/6/7,78.12
2024/6/10,79.59
2024/6/11,80.15
2024/6/12,80.52
2024/6/13,81.44
2024/6/14,81.49
2024/6/17,82.45
2024/6/18,84.79
2024/6/19,85.64
2024/6/20,85.92
2024/6/21,86.42
2024/6/24,86.75
2024/6/25,86.81
2024/6/26,85.76
2024/6/27,87
2024/6/28,87.26
2024/7/1,86.57
2024/7/2,88.28
2024/7/3,88.25
2024/7/4,88.34
2024/7/5,88.66
2024/7/8,87.15
2024/7/9,86.48
2024/7/10,86.55
2024/7/11,86.49
2024/7/12,87.35
2024/7/15,86.42
2024/7/16,86.6
2024/7/17,85.76
2024/7/18,86.26
2024/7/19,85.19
2024/7/22,83.44
2024/7/23,82.2
2024/7/24,83.01
2024/7/25,82.58
2024/7/26,81.35
2024/7/29,80.94
2024/7/30,79.26
2024/7/31,81.39
2024/8/1,81.37
2024/8/2,78.35
2024/8/5,77.51
2024/8/6,76.62
2024/8/7,78.26
2024/8/8,80.76
2024/8/9,81.07
2024/8/12,83.06
2024/8/13,82.51
2024/8/14,82.15
2024/8/15,83.09
2024/8/16,81.56
2024/8/19,81.09
2024/8/20,78.85
2024/8/21,78.77
2024/8/22,78.8
2024/8/23,80.34
2024/8/26,
2024/8/27,81.51
2024/8/28,80.04
2024/8/29,81.55
2024/8/30,80.2
2024/9/2,77.82
2024/9/3,76.46
2024/9/4,74.67
2024/9/5,74.47
2024/9/6,72.82
2024/9/9,72.37
2024/9/10,70.34
2024/9/11,70.31
2024/9/12,73.81
2024/9/13,73.68
2024/9/16,73.96
2024/9/17,74.55
2024/9/18,74.52
2024/9/19,75.93
2024/9/20,75.96
2024/9/23,74.95
2024/9/24,75.29
2024/9/25,75.4
2024/9/26,73.06
2024/9/27,71.63
2024/9/30,72.35
2024/10/1,75.3
2024/10/2,74.86
2024/10/3,77.57
2024/10/4,79.32
2024/10/7,81.74
2024/10/8,78.19
2024/10/9,77.06
2024/10/10,79.45
2024/10/11,80.27
2024/10/14,78.47
2024/10/15,73.68
2024/10/16,73.65
2024/10/17,74.37
2024/10/18,72.75
2024/10/21,73.29
2024/10/22,75.59
2024/10/23,74.68
2024/10/24,74.27
2024/10/25,75.62
2024/10/28,71.87
2024/10/29,71.09
2024/10/30,73.21
2024/10/31,73.25
2024/11/1,73.63
2024/11/4,74.89
2024/11/5,76.98
2024/11/6,76.52
2024/11/7,75.73
2024/11/8,74.04
2024/11/11,72.19
2024/11/12,72.56
2024/11/13,72.86
2024/11/14,73.39
2024/11/15,73.45
2024/11/18,74.35
2024/11/19,74.32
2024/11/20,74.33
2024/11/21,75.09
2024/11/22,76.1
2024/11/25,74.27
2024/11/26,74.56
2024/11/27,73.91
2024/11/28,73.92
2024/11/29,74.16
2024/12/2,72.81
2024/12/3,74.8
2024/12/4,74.68
2024/12/5,73.78
2024/12/6,73.78
2024/12/9,73.73
2024/12/10,73.64
2024/12/11,74.38
2024/12/12,73.52
2024/12/13,74.89
2024/12/16,74.3
2024/12/17,73.16
2024/12/18,74.57
2024/12/19,73.75
2024/12/20,73.19
2024/12/23,72.12
2024/12/24,73.5
2024/12/25,
2024/12/26,
2024/12/27,73.77
2024/12/30,74.24
2024/12/31,74.58
2025/1/1,
2025/1/2,76.14
2025/1/3,76.72
2025/1/6,77.27
2025/1/7,77.84
2025/1/8,77.37
2025/1/9,78.44
2025/1/10,79.76
2025/1/13,82.69
2025/1/14,82.39
2025/1/15,83.48
2025/1/16,82.39
2025/1/17,83.02
2025/1/20,81.68
2025/1/21,80.57
2025/1/22,80
2025/1/23,78.62
2025/1/24,78.71
2025/1/27,77.3
2025/1/28,78.01
2025/1/29,77.02
2025/1/30,77.42
2025/1/31,77.11
2025/2/3,76.49
2025/2/4,76.58
2025/2/5,74.71
2025/2/6,74.54
2025/2/7,74.68
2025/2/10,76.23
2025/2/11,77.65
2025/2/12,75.38
2025/2/13,75.61
2025/2/14,75.19
2025/2/17,75.81
2025/2/18,76.46
2025/2/19,76.34
2025/2/20,76.95
2025/2/21,74.88
2025/2/24,74.89
2025/2/25,73.11
2025/2/26,73.49
2025/2/27,75.01
2025/2/28,74.76
2025/3/3,72.85
2025/3/4,72.31
2025/3/5,70.92
2025/3/6,71.08
2025/3/7,72.49
2025/3/10,71.08
2025/3/11,71.51
2025/3/12,72.36
2025/3/13,70.82
2025/3/14,71.94
2025/3/17,71.93
2025/3/18,71.93
2025/3/19,71.94
2025/3/20,72.61
2025/3/21,72.64
2025/3/24,73.96
2025/3/25,73.78
2025/3/26,74.6
2025/3/27,74.72
2025/3/28,74.69
2025/3/31,77.23
2025/4/1,77.78
2025/4/2,77.27
2025/4/3,72.54
2025/4/4,68.36
2025/4/7,66.13
2025/4/8,64.86
2025/4/9,67.3
2025/4/10,65.37
2025/4/11,66.83
2025/4/14,67.18
2025/4/15,66.58
2025/4/16,67.94
2025/4/17,69.33
2025/4/18,
2025/4/21,
2025/4/22,68.93
2025/4/23,68.26
2025/4/24,67.5
2025/4/25,66.99
2025/4/28,66.13
2025/4/29,64.04
2025/4/30,63.37
2025/5/1,62.37
2025/5/2,61.57
2025/5/5,
2025/5/6,62.37
2025/5/7,60.31
2025/5/8,62.22
2025/5/9,64.26
2025/5/12,65.28
2025/5/13,66.93
2025/5/14,65.91
2025/5/15,64.36
2025/5/16,65.2
2025/5/19,66.25
2025/5/20,66.93
2025/5/21,65.86
2025/5/22,64.87
2025/5/23,65.41
2025/5/26,
2025/5/27,64.32
2025/5/28,65.72
2025/5/29,64.6
2025/5/30,64.32
2025/6/2,66.55
2025/6/3,67.48
2025/6/4,66.69
2025/6/5,67.14
2025/6/6,68.02
2025/6/9,68.73
2025/6/10,68.41
2025/6/11,71.29
2025/6/12,70.84
2025/6/13,76
2025/6/16,75.05
2025/6/17,78.7
2025/6/18,78.38
2025/6/19,80.37
2025/6/20,78.73
2025/6/23,74.34
2025/6/24,69.13
2025/6/25,68.4
2025/6/26,68.57
2025/6/27,69.37
2025/6/30,68.15
2025/7/1,67.63
2025/7/2,70.8
2025/7/3,70.42
2025/7/4,71.03
2025/7/7,71.95
2025/7/8,72.5
2025/7/9,71.98
2025/7/10,70.38
2025/7/11,72.06
2025/7/14,70.96
2025/7/15,70.27
2025/7/16,69.67
2025/7/17,71.32
2025/7/18,71.06
2025/7/21,71.92
2025/7/22,69.69
2025/7/23,69.17
2025/7/24,70.42
2025/7/25,69.23
2025/7/28,70.87
2025/7/29,73.21
2025/7/30,73.98
2025/7/31,73.43
2025/8/1,70.55
2025/8/4,69.56
2025/8/5,69.14
2025/8/6,67.97
2025/8/7,66.99
2025/8/8,67.17
2025/8/11,67.36
2025/8/12,66.8
2025/8/13,66.25
2025/8/14,68.12
2025/8/15,67.3
2025/8/18,68.18
2025/8/19,66.62
2025/8/20,67.61
2025/8/21,68.41
2025/8/22,68.29
2025/8/25,
2025/8/26,66.89
2025/8/27,67.75
2025/8/28,68.61
2025/8/29,67.83
2025/9/1,67.09
2025/9/2,68.09
2025/9/3,67.76
2025/9/4,66.41
2025/9/5,64.92
2025/9/8,65.44
2025/9/9,67.97
2025/9/10,67.62
2025/9/11,67.25
2025/9/12,67.87
2025/9/15,67.88
2025/9/16,69.69
2025/9/17,69.19
2025/9/18,67.83
2025/9/19,67.05
2025/9/22,66.87
2025/9/23,67.96
2025/9/24,69.64
2025/9/25,70.48
2025/9/26,71.15
2025/9/29,69
2025/9/30,68.52
2025/10/1,66.67
2025/10/2,65.44
2025/10/3,66.13
2025/10/6,67.09
2025/10/7,67.1
2025/10/8,67.42
2025/10/9,67.23
2025/10/10,64.41
2025/10/13,64.15
2025/10/14,63
2025/10/15,62.33
2025/10/16,61.08
2025/10/17,61.23
2025/10/20,60.71
2025/10/21,61
2025/10/22,62.28
2025/10/23,66.32
2025/10/24,65.8
2025/10/27,65.52
2025/10/28,64.03
2025/10/29,65.01
2025/10/30,65.11
2025/10/31,65.44
2025/11/3,65.79
2025/11/4,65.04
2025/11/5,63.54
2025/11/6,63.41
2025/11/7,63.72
2025/11/10,63.01
2025/11/11,63.86
2025/11/12,61.88
2025/11/13,62.14
2025/11/14,63.45
2025/11/17,63.16
2025/11/18,64.86
2025/11/19,63.78
2025/11/20,63.64
2025/11/21,62.78
2025/11/24,64.83
2025/11/25,63.99
2025/11/26,64.81
2025/11/27,64.18
2025/11/28,64.07
2025/12/1,64.22
2025/12/2,63.37
2025/12/3,63.75
2025/12/4,64.15
2025/12/5,64.42
2025/12/8,63.3
2025/12/9,62.62
2025/12/10,63.12
2025/12/11,61.87
2025/12/12,62.11
2025/12/15,61.55
2025/12/16,59.93
2025/12/17,60.61
2025/12/18,60.69
2025/12/19,61.35
2025/12/22,62.22
2025/12/23,63.7
2025/12/24,63.7
2025/12/25,
2025/12/26,
2025/12/29,63.1
2025/12/30,62.3
2025/12/31,61.35
