observation_date,wti_price
2008/1/2,99.64
2008/1/3,99.17
2008/1/4,97.9
2008/1/7,95.08
2008/1/8,96.43
2008/1/9,95.64
2008/1/10,93.92
2008/1/11,92.74
2008/1/14,94.23
2008/1/15,91.87
2008/1/16,90.8
2008/1/17,90.11
2008/1/18,90.55
2008/1/21,
2008/1/22,89.64
2008/1/23,87.65
2008/1/24,89.98
2008/1/25,90.37
2008/1/28,90.99
2008/1/29,91.66
2008/1/30,92.34
2008/1/31,91.67
2008/2/1,89.03
2008/2/4,90.07
2008/2/5,88.32
2008/2/6,87.16
2008/2/7,88.07
2008/2/8,91.77
2008/2/11,93.56
2008/2/12,92.82
2008/2/13,93.28
2008/2/14,95.42
2008/2/15,95.57
2008/2/18,
2008/2/19,99.99
2008/2/20,100.86
2008/2/21,98.57
2008/2/22,99.03
2008/2/25,99.4
2008/2/26,100.83
2008/2/27,99.59
2008/2/28,102.6
2008/2/29,101.78
2008/3/3,102.42
2008/3/4,99.72
2008/3/5,104.45
2008/3/6,105.51
2008/3/7,105.12
2008/3/10,107.9
2008/3/11,108.73
2008/3/12,109.86
2008/3/13,110.21
2008/3/14,110.03
2008/3/17,105.74
2008/3/18,109.57
2008/3/19,103.25
2008/3/20,102.57
2008/3/21,
2008/3/24,101.7
2008/3/25,101.78
2008/3/26,105.83
2008/3/27,107.56
2008/3/28,105.59
2008/3/31,101.54
2008/4/1,100.92
2008/4/2,104.83
2008/4/3,103.92
2008/4/4,106.09
2008/4/7,108.91
2008/4/8,108.54
2008/4/9,110.89
2008/4/10,110.07
2008/4/11,110.14
2008/4/14,111.71
2008/4/15,113.77
2008/4/16,114.8
2008/4/17,114.8
2008/4/18,116.56
2008/4/21,117.48
2008/4/22,119.17
2008/4/23,119.28
2008/4/24,117.1
2008/4/25,119.64
2008/4/28,118.78
2008/4/29,115.67
2008/4/30,113.7
2008/5/1,112.6
2008/5/2,116.36
2008/5/5,119.94
2008/5/6,121.82
2008/5/7,123.56
2008/5/8,123.77
2008/5/9,125.94
2008/5/12,124.02
2008/5/13,125.83
2008/5/14,124.21
2008/5/15,124.25
2008/5/16,126.5
2008/5/19,127.15
2008/5/20,128.93
2008/5/21,132.99
2008/5/22,130.04
2008/5/23,131.58
2008/5/26,
2008/5/27,128.81
2008/5/28,131
2008/5/29,126.7
2008/5/30,127.35
2008/6/2,127.75
2008/6/3,124.33
2008/6/4,122.3
2008/6/5,127.93
2008/6/6,138.51
2008/6/9,134.44
2008/6/10,131.38
2008/6/11,136.43
2008/6/12,136.91
2008/6/13,134.84
2008/6/16,134.52
2008/6/17,133.99
2008/6/18,136.54
2008/6/19,131.88
2008/6/20,134.78
2008/6/23,135.98
2008/6/24,136.49
2008/6/25,133.92
2008/6/26,138.91
2008/6/27,139.69
2008/6/30,139.96
2008/7/1,141.06
2008/7/2,143.74
2008/7/3,145.31
2008/7/4,
2008/7/7,141.38
2008/7/8,136.06
2008/7/9,135.88
2008/7/10,141.47
2008/7/11,144.96
2008/7/14,145.16
2008/7/15,138.68
2008/7/16,134.63
2008/7/17,129.43
2008/7/18,128.94
2008/7/21,131.43
2008/7/22,127.25
2008/7/23,123.73
2008/7/24,124.62
2008/7/25,122.59
2008/7/28,124.72
2008/7/29,122.21
2008/7/30,126.74
2008/7/31,124.17
2008/8/1,125.03
2008/8/4,121.45
2008/8/5,118.71
2008/8/6,118.57
2008/8/7,119.84
2008/8/8,115.42
2008/8/11,114.44
2008/8/12,113.1
2008/8/13,115.96
2008/8/14,115.05
2008/8/15,113.46
2008/8/18,112.92
2008/8/19,114.39
2008/8/20,115.48
2008/8/21,121.23
2008/8/22,114.48
2008/8/25,114.85
2008/8/26,116.31
2008/8/27,118.17
2008/8/28,115.58
2008/8/29,115.55
2008/9/1,
2008/9/2,109.63
2008/9/3,109.38
2008/9/4,107.99
2008/9/5,106.47
2008/9/8,106.35
2008/9/9,103.23
2008/9/10,102.66
2008/9/11,100.95
2008/9/12,101.19
2008/9/15,95.52
2008/9/16,91.49
2008/9/17,97.39
2008/9/18,97.5
2008/9/19,104.05
2008/9/22,122.61
2008/9/23,107.85
2008/9/24,106.84
2008/9/25,111.54
2008/9/26,106.77
2008/9/29,96.29
2008/9/30,100.7
2008/10/1,98.23
2008/10/2,93.84
2008/10/3,93.91
2008/10/6,88.15
2008/10/7,90.18
2008/10/8,88.94
2008/10/9,86.5
2008/10/10,77.44
2008/10/13,81.17
2008/10/14,78.69
2008/10/15,74.38
2008/10/16,69.81
2008/10/17,71.9
2008/10/20,74.08
2008/10/21,71.29
2008/10/22,66.92
2008/10/23,67.17
2008/10/24,63.34
2008/10/27,61.92
2008/10/28,62.8
2008/10/29,67.45
2008/10/30,65.79
2008/10/31,68.1
2008/11/3,63.93
2008/11/4,70.41
2008/11/5,65.41
2008/11/6,60.72
2008/11/7,61.06
2008/11/10,62.19
2008/11/11,59.38
2008/11/12,55.95
2008/11/13,58.31
2008/11/14,57.18
2008/11/17,55.14
2008/11/18,54.42
2008/11/19,53.64
2008/11/20,48.86
2008/11/21,49.22
2008/11/24,53.63
2008/11/25,50.02
2008/11/26,54.2
2008/11/27,
2008/11/28,55.21
2008/12/1,49.34
2008/12/2,47.05
2008/12/3,46.79
2008/12/4,43.8
2008/12/5,41.01
2008/12/8,43.69
2008/12/9,42
2008/12/10,43.1
2008/12/11,47.77
2008/12/12,46.27
2008/12/15,44.61
2008/12/16,43.84
2008/12/17,40.17
2008/12/18,36.73
2008/12/19,33.17
2008/12/22,31.1
2008/12/23,30.28
2008/12/24,32.94
2008/12/25,
2008/12/26,37.58
2008/12/29,39.89
2008/12/30,38.95
2008/12/31,44.6
2009/1/1,
2009/1/2,46.17
2009/1/5,48.61
2009/1/6,48.56
2009/1/7,42.75
2009/1/8,41.68
2009/1/9,40.69
2009/1/12,37.65
2009/1/13,37.77
2009/1/14,37.43
2009/1/15,35.41
2009/1/16,35.38
2009/1/19,
2009/1/20,38.57
2009/1/21,42.56
2009/1/22,42.33
2009/1/23,45.12
2009/1/26,46.5
2009/1/27,41.67
2009/1/28,42.04
2009/1/29,41.58
2009/1/30,41.73
2009/2/2,41.35
2009/2/3,40.87
2009/2/4,40.27
2009/2/5,41.15
2009/2/6,40.24
2009/2/9,39.58
2009/2/10,37.54
2009/2/11,35.93
2009/2/12,34.03
2009/2/13,37.63
2009/2/16,
2009/2/17,34.96
2009/2/18,34.67
2009/2/19,39.6
2009/2/20,39.35
2009/2/23,37.66
2009/2/24,38.86
2009/2/25,41.64
2009/2/26,43.18
2009/2/27,
2009/3/2,40.07
2009/3/3,41.57
2009/3/4,45.28
2009/3/5,43.54
2009/3/6,45.43
2009/3/9,47.01
2009/3/10,45.68
2009/3/11,42.46
2009/3/12,46.91
2009/3/13,46.22
2009/3/16,47.33
2009/3/17,48.97
2009/3/18,48.12
2009/3/19,51.46
2009/3/20,51.55
2009/3/23,53.05
2009/3/24,53.36
2009/3/25,52.24
2009/3/26,53.87
2009/3/27,52.41
2009/3/30,48.49
2009/3/31,49.64
2009/4/1,48.46
2009/4/2,52.61
2009/4/3,52.52
2009/4/6,51.1
2009/4/7,49.13
2009/4/8,49.37
2009/4/9,52.24
2009/4/10,
2009/4/13,50.22
2009/4/14,49.51
2009/4/15,49.26
2009/4/16,49.97
2009/4/17,50.36
2009/4/20,45.82
2009/4/21,46.65
2009/4/22,47.41
2009/4/23,48.46
2009/4/24,50.65
2009/4/27,49.29
2009/4/28,49.01
2009/4/29,50.19
2009/4/30,50.35
2009/5/1,52.18
2009/5/4,54.45
2009/5/5,53.81
2009/5/6,56.29
2009/5/7,56.67
2009/5/8,58.58
2009/5/11,57.79
2009/5/12,58.81
2009/5/13,58
2009/5/14,58.58
2009/5/15,56.52
2009/5/18,58.99
2009/5/19,59.52
2009/5/20,61.45
2009/5/21,60.49
2009/5/22,61.15
2009/5/25,
2009/5/26,62.48
2009/5/27,63.41
2009/5/28,65.09
2009/5/29,66.31
2009/6/1,68.59
2009/6/2,68.58
2009/6/3,66.14
2009/6/4,68.8
2009/6/5,68.43
2009/6/8,68.05
2009/6/9,70.02
2009/6/10,71.38
2009/6/11,72.69
2009/6/12,72.13
2009/6/15,70.54
2009/6/16,70.47
2009/6/17,71.07
2009/6/18,71.42
2009/6/19,69.6
2009/6/22,67.09
2009/6/23,68.81
2009/6/24,68.14
2009/6/25,69.7
2009/6/26,69.16
2009/6/29,71.47
2009/6/30,69.82
2009/7/1,69.32
2009/7/2,66.68
2009/7/3,
2009/7/6,64.06
2009/7/7,62.88
2009/7/8,60.15
2009/7/9,60.36
2009/7/10,59.93
2009/7/13,59.69
2009/7/14,59.62
2009/7/15,61.49
2009/7/16,62.07
2009/7/17,63.56
2009/7/20,63.93
2009/7/21,
2009/7/22,64.58
2009/7/23,66.1
2009/7/24,66.96
2009/7/27,68.34
2009/7/28,67.24
2009/7/29,63.42
2009/7/30,66.9
2009/7/31,69.26
2009/8/3,71.59
2009/8/4,71.4
2009/8/5,71.97
2009/8/6,71.96
2009/8/7,70.97
2009/8/10,70.59
2009/8/11,69.46
2009/8/12,70.08
2009/8/13,70.57
2009/8/14,67.51
2009/8/17,66.72
2009/8/18,69.22
2009/8/19,72.54
2009/8/20,72.4
2009/8/21,73.12
2009/8/24,73.68
2009/8/25,71.6
2009/8/26,71.38
2009/8/27,72.49
2009/8/28,72.72
2009/8/31,69.97
2009/9/1,68.11
2009/9/2,68.03
2009/9/3,67.9
2009/9/4,67.95
2009/9/7,
2009/9/8,71.08
2009/9/9,71.27
2009/9/10,71.95
2009/9/11,69.34
2009/9/14,68.86
2009/9/15,70.81
2009/9/16,72.5
2009/9/17,72.48
2009/9/18,71.95
2009/9/21,69.74
2009/9/22,71.5
2009/9/23,68.74
2009/9/24,65.74
2009/9/25,65.91
2009/9/28,66.69
2009/9/29,66.56
2009/9/30,70.46
2009/10/1,70.67
2009/10/2,69.8
2009/10/5,70.26
2009/10/6,70.71
2009/10/7,69.6
2009/10/8,71.69
2009/10/9,71.75
2009/10/12,73.24
2009/10/13,74.1
2009/10/14,75.2
2009/10/15,77.55
2009/10/16,78.54
2009/10/19,79.47
2009/10/20,78.87
2009/10/21,81.03
2009/10/22,80.82
2009/10/23,80.11
2009/10/26,78.61
2009/10/27,79.45
2009/10/28,77.39
2009/10/29,79.84
2009/10/30,77.04
2009/11/2,78.08
2009/11/3,79.58
2009/11/4,80.3
2009/11/5,79.64
2009/11/6,77.4
2009/11/9,79.44
2009/11/10,79.01
2009/11/11,79.16
2009/11/12,77.25
2009/11/13,76.34
2009/11/16,78.91
2009/11/17,79.08
2009/11/18,79.55
2009/11/19,77.47
2009/11/20,76.83
2009/11/23,76.49
2009/11/24,74.88
2009/11/25,77.25
2009/11/26,
2009/11/27,75.95
2009/11/30,77.19
2009/12/1,78.39
2009/12/2,76.62
2009/12/3,76.42
2009/12/4,75.41
2009/12/7,73.89
2009/12/8,72.59
2009/12/9,70.67
2009/12/10,70.54
2009/12/11,69.86
2009/12/14,69.48
2009/12/15,70.62
2009/12/16,72.64
2009/12/17,72.58
2009/12/18,73.3
2009/12/21,72.71
2009/12/22,73.48
2009/12/23,76.03
2009/12/24,76.83
2009/12/25,
2009/12/28,78.67
2009/12/29,78.87
2009/12/30,79.35
2009/12/31,79.39
2010/1/1,
2010/1/4,81.52
2010/1/5,81.74
2010/1/6,83.12
2010/1/7,82.6
2010/1/8,82.74
2010/1/11,82.54
2010/1/12,80.79
2010/1/13,79.66
2010/1/14,79.35
2010/1/15,77.96
2010/1/18,
2010/1/19,78.98
2010/1/20,77.42
2010/1/21,75.84
2010/1/22,74.25
2010/1/25,74.9
2010/1/26,74.67
2010/1/27,73.64
2010/1/28,73.62
2010/1/29,72.85
2010/2/1,74.41
2010/2/2,77.21
2010/2/3,76.96
2010/2/4,73.13
2010/2/5,71.15
2010/2/8,71.87
2010/2/9,73.71
2010/2/10,74.48
2010/2/11,75.23
2010/2/12,74.11
2010/2/15,
2010/2/16,76.98
2010/2/17,77.27
2010/2/18,78.97
2010/2/19,79.77
2010/2/22,80.04
2010/2/23,78.61
2010/2/24,79.75
2010/2/25,77.99
2010/2/26,79.72
2010/3/1,78.71
2010/3/2,79.62
2010/3/3,80.91
2010/3/4,80.21
2010/3/5,81.5
2010/3/8,81.85
2010/3/9,81.5
2010/3/10,82.07
2010/3/11,82.1
2010/3/12,81.26
2010/3/15,79.79
2010/3/16,81.75
2010/3/17,82.93
2010/3/18,82.16
2010/3/19,80.58
2010/3/22,81.26
2010/3/23,81.68
2010/3/24,80.29
2010/3/25,80.25
2010/3/26,79.75
2010/3/29,81.92
2010/3/30,82.14
2010/3/31,83.45
2010/4/1,84.53
2010/4/2,
2010/4/5,86.36
2010/4/6,86.54
2010/4/7,85.64
2010/4/8,85.17
2010/4/9,84.6
2010/4/12,84.07
2010/4/13,83.8
2010/4/14,85.62
2010/4/15,85.25
2010/4/16,82.97
2010/4/19,81.52
2010/4/20,82.98
2010/4/21,82.78
2010/4/22,82.89
2010/4/23,84.34
2010/4/26,84.2
2010/4/27,82.43
2010/4/28,83.22
2010/4/29,85.17
2010/4/30,86.07
2010/5/3,86.19
2010/5/4,82.73
2010/5/5,80
2010/5/6,77.18
2010/5/7,75.1
2010/5/10,76.89
2010/5/11,76.37
2010/5/12,75.65
2010/5/13,74.38
2010/5/14,71.61
2010/5/17,70.08
2010/5/18,69.38
2010/5/19,69.91
2010/5/20,68.28
2010/5/21,68.03
2010/5/24,68.23
2010/5/25,64.78
2010/5/26,71.52
2010/5/27,74.56
2010/5/28,74
2010/5/31,
2010/6/1,72.7
2010/6/2,72.88
2010/6/3,74.62
2010/6/4,71.43
2010/6/7,71.55
2010/6/8,71.88
2010/6/9,74.38
2010/6/10,75.48
2010/6/11,73.89
2010/6/14,74.99
2010/6/15,76.84
2010/6/16,77.67
2010/6/17,76.82
2010/6/18,77.18
2010/6/21,77.84
2010/6/22,77.15
2010/6/23,75.9
2010/6/24,75.96
2010/6/25,78.45
2010/6/28,78.26
2010/6/29,75.93
2010/6/30,75.59
2010/7/1,72.95
2010/7/2,72.06
2010/7/5,
2010/7/6,71.96
2010/7/7,74.05
2010/7/8,75.46
2010/7/9,76.08
2010/7/12,74.93
2010/7/13,77.16
2010/7/14,77.02
2010/7/15,76.67
2010/7/16,75.96
2010/7/19,76.53
2010/7/20,77.32
2010/7/21,76.27
2010/7/22,79.01
2010/7/23,78.68
2010/7/26,78.93
2010/7/27,77.46
2010/7/28,77.06
2010/7/29,78.3
2010/7/30,78.85
2010/8/2,81.25
2010/8/3,82.52
2010/8/4,82.49
2010/8/5,82
2010/8/6,80.67
2010/8/9,81.46
2010/8/10,80.24
2010/8/11,78.09
2010/8/12,75.68
2010/8/13,75.39
2010/8/16,75.17
2010/8/17,75.76
2010/8/18,75.39
2010/8/19,74.45
2010/8/20,73.45
2010/8/23,72.71
2010/8/24,71.24
2010/8/25,72.07
2010/8/26,73.36
2010/8/27,75.17
2010/8/30,74.69
2010/8/31,71.93
2010/9/1,73.97
2010/9/2,74.99
2010/9/3,74.52
2010/9/6,
2010/9/7,73.98
2010/9/8,74.65
2010/9/9,74.25
2010/9/10,76.4
2010/9/13,77.17
2010/9/14,76.78
2010/9/15,75.92
2010/9/16,74.58
2010/9/17,73.63
2010/9/20,74.81
2010/9/21,72.96
2010/9/22,72.98
2010/9/23,73.4
2010/9/24,74.63
2010/9/27,76.51
2010/9/28,76.15
2010/9/29,77.85
2010/9/30,79.95
2010/10/1,81.57
2010/10/4,81.43
2010/10/5,82.83
2010/10/6,83.21
2010/10/7,81.34
2010/10/8,82.66
2010/10/11,82.18
2010/10/12,81.67
2010/10/13,83.03
2010/10/14,82.71
2010/10/15,81.23
2010/10/18,83.06
2010/10/19,79.57
2010/10/20,81.93
2010/10/21,80.03
2010/10/22,81.15
2010/10/25,82
2010/10/26,82.6
2010/10/27,81.9
2010/10/28,82.2
2010/10/29,81.45
2010/11/1,82.94
2010/11/2,83.91
2010/11/3,84.45
2010/11/4,86.49
2010/11/5,86.85
2010/11/8,87.07
2010/11/9,87.04
2010/11/10,87.77
2010/11/11,87.77
2010/11/12,84.89
2010/11/15,84.88
2010/11/16,82.33
2010/11/17,80.43
2010/11/18,81.88
2010/11/19,81.65
2010/11/22,81.24
2010/11/23,80.79
2010/11/24,83.21
2010/11/25,
2010/11/26,83.87
2010/11/29,85.73
2010/11/30,84.12
2010/12/1,86.75
2010/12/2,87.98
2010/12/3,89.18
2010/12/6,89.33
2010/12/7,88.69
2010/12/8,88.3
2010/12/9,88.35
2010/12/10,87.81
2010/12/13,88.62
2010/12/14,88.33
2010/12/15,88.66
2010/12/16,87.71
2010/12/17,88.02
2010/12/20,88.68
2010/12/21,89.3
2010/12/22,89.83
2010/12/23,90.84
2010/12/24,
2010/12/27,90.99
2010/12/28,91.48
2010/12/29,91.13
2010/12/30,89.85
2010/12/31,91.38
2011/1/3,91.59
2011/1/4,89.39
2011/1/5,90.3
2011/1/6,88.37
2011/1/7,88.07
2011/1/10,89.24
2011/1/11,91.11
2011/1/12,91.85
2011/1/13,91.39
2011/1/14,91.53
2011/1/17,
2011/1/18,91.38
2011/1/19,90.85
2011/1/20,88.56
2011/1/21,88.22
2011/1/24,86.74
2011/1/25,85.08
2011/1/26,86.15
2011/1/27,84.45
2011/1/28,88.15
2011/1/31,90.99
2011/2/1,89.54
2011/2/2,89.78
2011/2/3,89.42
2011/2/4,87.87
2011/2/7,86.3
2011/2/8,85.85
2011/2/9,85.59
2011/2/10,85.44
2011/2/11,84.39
2011/2/14,83.66
2011/2/15,83.13
2011/2/16,83.8
2011/2/17,85.05
2011/2/18,85.03
2011/2/21,
2011/2/22,92.65
2011/2/23,96.04
2011/2/24,95.83
2011/2/25,96.52
2011/2/28,97.1
2011/3/1,99.63
2011/3/2,102.27
2011/3/3,101.92
2011/3/4,104.34
2011/3/7,105.37
2011/3/8,105.06
2011/3/9,104.39
2011/3/10,102.73
2011/3/11,101.14
2011/3/14,101.2
2011/3/15,97.23
2011/3/16,97.99
2011/3/17,101.47
2011/3/18,101.06
2011/3/21,102.36
2011/3/22,104.53
2011/3/23,105.21
2011/3/24,105.04
2011/3/25,104.89
2011/3/28,
2011/3/29,104.34
2011/3/30,103.8
2011/3/31,106.19
2011/4/1,107.55
2011/4/4,108.14
2011/4/5,107.82
2011/4/6,108.38
2011/4/7,109.82
2011/4/8,
2011/4/11,109.5
2011/4/12,
2011/4/13,106.6
2011/4/14,
2011/4/15,109.17
2011/4/18,106.7
2011/4/19,
2011/4/20,
2011/4/21,
2011/4/22,
2011/4/25,111.68
2011/4/26,111.72
2011/4/27,112.31
2011/4/28,112.38
2011/4/29,
2011/5/2,113.03
2011/5/3,110.6
2011/5/4,
2011/5/5,
2011/5/6,
2011/5/9,
2011/5/10,103.39
2011/5/11,97.88
2011/5/12,
2011/5/13,
2011/5/16,
2011/5/17,96.4
2011/5/18,99.52
2011/5/19,
2011/5/20,
2011/5/23,97.06
2011/5/24,
2011/5/25,
2011/5/26,
2011/5/27,
2011/5/30,
2011/5/31,102.7
2011/6/1,100.3
2011/6/2,
2011/6/3,100.28
2011/6/6,
2011/6/7,
2011/6/8,100.77
2011/6/9,
2011/6/10,99.3
2011/6/13,97.2
2011/6/14,
2011/6/15,
2011/6/16,
2011/6/17,
2011/6/20,
2011/6/21,93.7
2011/6/22,
2011/6/23,90.7
2011/6/24,
2011/6/27,
2011/6/28,92.9
2011/6/29,
2011/6/30,95.3
2011/7/1,94.81
2011/7/4,
2011/7/5,
2011/7/6,
2011/7/7,98.7
2011/7/8,96.2
2011/7/11,
2011/7/12,
2011/7/13,
2011/7/14,95.75
2011/7/15,97.24
2011/7/18,95.94
2011/7/19,97.49
2011/7/20,98.11
2011/7/21,98.96
2011/7/22,
2011/7/25,98.97
2011/7/26,99.61
2011/7/27,97.4
2011/7/28,97.48
2011/7/29,95.68
2011/8/1,94.98
2011/8/2,93.78
2011/8/3,91.87
2011/8/4,86.75
2011/8/5,86.89
2011/8/8,81.27
2011/8/9,79.32
2011/8/10,83.05
2011/8/11,85.48
2011/8/12,85.19
2011/8/15,87.88
2011/8/16,86.65
2011/8/17,87.58
2011/8/18,82.38
2011/8/19,82.33
2011/8/22,84.42
2011/8/23,85.35
2011/8/24,84.99
2011/8/25,85.15
2011/8/26,85.37
2011/8/29,87.27
2011/8/30,88.9
2011/8/31,88.81
2011/9/1,88.93
2011/9/2,86.45
2011/9/5,
2011/9/6,85.99
2011/9/7,89.34
2011/9/8,89.05
2011/9/9,87.24
2011/9/12,88.19
2011/9/13,90.21
2011/9/14,88.91
2011/9/15,89.4
2011/9/16,87.96
2011/9/19,85.7
2011/9/20,86.92
2011/9/21,85.77
2011/9/22,80.29
2011/9/23,79.58
2011/9/26,79.97
2011/9/27,84.18
2011/9/28,80.94
2011/9/29,81.87
2011/9/30,78.93
2011/10/3,77.34
2011/10/4,75.4
2011/10/5,79.41
2011/10/6,82.32
2011/10/7,82.7
2011/10/10,85.14
2011/10/11,85.54
2011/10/12,85.3
2011/10/13,83.96
2011/10/14,86.8
2011/10/17,86.38
2011/10/18,88.34
2011/10/19,86.11
2011/10/20,86.07
2011/10/21,87.19
2011/10/24,91.12
2011/10/25,92.98
2011/10/26,90.2
2011/10/27,93.96
2011/10/28,93.32
2011/10/31,93.19
2011/11/1,92.19
2011/11/2,92.51
2011/11/3,94.07
2011/11/4,94.26
2011/11/7,95.52
2011/11/8,96.8
2011/11/9,95.74
2011/11/10,97.78
2011/11/11,98.99
2011/11/14,98.14
2011/11/15,99.37
2011/11/16,102.59
2011/11/17,98.82
2011/11/18,97.67
2011/11/21,96.73
2011/11/22,97.76
2011/11/23,96.16
2011/11/24,
2011/11/25,96.91
2011/11/28,98.21
2011/11/29,99.79
2011/11/30,100.36
2011/12/1,100.2
2011/12/2,100.97
2011/12/5,100.94
2011/12/6,101.25
2011/12/7,100.45
2011/12/8,98.35
2011/12/9,99.4
2011/12/12,97.77
2011/12/13,100.24
2011/12/14,94.92
2011/12/15,93.84
2011/12/16,93.55
2011/12/19,93.86
2011/12/20,97.16
2011/12/21,98.54
2011/12/22,99.42
2011/12/23,99.72
2011/12/26,
2011/12/27,101.29
2011/12/28,99.44
2011/12/29,99.68
2011/12/30,98.83
2012/1/2,
2012/1/3,102.96
2012/1/4,103.22
2012/1/5,101.81
2012/1/6,101.56
2012/1/9,101.31
2012/1/10,102.24
2012/1/11,100.89
2012/1/12,99.03
2012/1/13,98.69
2012/1/16,
2012/1/17,100.7
2012/1/18,100.61
2012/1/19,100.32
2012/1/20,98.15
2012/1/23,99.47
2012/1/24,98.84
2012/1/25,99.23
2012/1/26,99.76
2012/1/27,99.47
2012/1/30,98.75
2012/1/31,98.46
2012/2/1,97.63
2012/2/2,96.36
2012/2/3,97.8
2012/2/6,96.89
2012/2/7,98.55
2012/2/8,98.8
2012/2/9,99.88
2012/2/10,98.68
2012/2/13,100.39
2012/2/14,100.82
2012/2/15,101.82
2012/2/16,102.33
2012/2/17,103.27
2012/2/20,
2012/2/21,105.88
2012/2/22,105.99
2012/2/23,107.44
2012/2/24,109.39
2012/2/27,108.49
2012/2/28,106.59
2012/2/29,107.08
2012/3/1,108.76
2012/3/2,106.68
2012/3/5,106.7
2012/3/6,104.71
2012/3/7,106.16
2012/3/8,106.65
2012/3/9,107.4
2012/3/12,106.34
2012/3/13,106.7
2012/3/14,105.49
2012/3/15,105.19
2012/3/16,107.03
2012/3/19,108.09
2012/3/20,105.68
2012/3/21,106.87
2012/3/22,104.98
2012/3/23,106.43
2012/3/26,107.07
2012/3/27,107.32
2012/3/28,105.4
2012/3/29,102.79
2012/3/30,103.03
2012/4/2,105.25
2012/4/3,104.02
2012/4/4,101.53
2012/4/5,103.29
2012/4/6,
2012/4/9,102.45
2012/4/10,101.12
2012/4/11,102.66
2012/4/12,103.69
2012/4/13,102.84
2012/4/16,102.92
2012/4/17,104.23
2012/4/18,102.65
2012/4/19,102.38
2012/4/20,103.58
2012/4/23,102.68
2012/4/24,103.1
2012/4/25,103.72
2012/4/26,104.56
2012/4/27,104.86
2012/4/30,104.89
2012/5/1,106.17
2012/5/2,105.25
2012/5/3,102.56
2012/5/4,98.49
2012/5/7,97.86
2012/5/8,97.13
2012/5/9,96.8
2012/5/10,97.1
2012/5/11,96.03
2012/5/14,94.75
2012/5/15,93.97
2012/5/16,92.78
2012/5/17,92.53
2012/5/18,91.51
2012/5/21,92.57
2012/5/22,91.44
2012/5/23,89.4
2012/5/24,90.36
2012/5/25,90.64
2012/5/28,
2012/5/29,90.75
2012/5/30,87.79
2012/5/31,86.52
2012/6/1,83.17
2012/6/4,83.95
2012/6/5,84.31
2012/6/6,85.05
2012/6/7,84.78
2012/6/8,84.08
2012/6/11,82.58
2012/6/12,83.35
2012/6/13,82.56
2012/6/14,83.83
2012/6/15,84.03
2012/6/18,83.26
2012/6/19,83.99
2012/6/20,81.06
2012/6/21,77.91
2012/6/22,79.33
2012/6/25,78.76
2012/6/26,79.34
2012/6/27,80.27
2012/6/28,77.72
2012/6/29,85.04
2012/7/2,83.72
2012/7/3,87.74
2012/7/4,
2012/7/5,87.11
2012/7/6,84.37
2012/7/9,85.93
2012/7/10,83.92
2012/7/11,85.88
2012/7/12,86.02
2012/7/13,87.15
2012/7/16,88.41
2012/7/17,89.07
2012/7/18,89.88
2012/7/19,92.78
2012/7/20,91.56
2012/7/23,87.77
2012/7/24,88.28
2012/7/25,88.8
2012/7/26,89.4
2012/7/27,90.13
2012/7/30,89.8
2012/7/31,88.08
2012/8/1,88.99
2012/8/2,87.22
2012/8/3,91.4
2012/8/6,92.3
2012/8/7,93.68
2012/8/8,93.39
2012/8/9,93.39
2012/8/10,92.94
2012/8/13,92.76
2012/8/14,93.4
2012/8/15,94.35
2012/8/16,95.66
2012/8/17,96
2012/8/20,96.03
2012/8/21,96.55
2012/8/22,96.89
2012/8/23,95.87
2012/8/24,95.78
2012/8/27,95.54
2012/8/28,96.3
2012/8/29,95.5
2012/8/30,94.61
2012/8/31,96.47
2012/9/3,
2012/9/4,95.34
2012/9/5,95.37
2012/9/6,95.58
2012/9/7,96.41
2012/9/10,96.52
2012/9/11,97.03
2012/9/12,97.02
2012/9/13,98.3
2012/9/14,98.94
2012/9/17,96.51
2012/9/18,95.25
2012/9/19,91.97
2012/9/20,92.14
2012/9/21,92.64
2012/9/24,91.68
2012/9/25,91.07
2012/9/26,89.92
2012/9/27,91.89
2012/9/28,92.18
2012/10/1,92.44
2012/10/2,91.88
2012/10/3,88.19
2012/10/4,91.69
2012/10/5,89.87
2012/10/8,89.43
2012/10/9,92.42
2012/10/10,91.24
2012/10/11,92.19
2012/10/12,91.83
2012/10/15,91.84
2012/10/16,92.07
2012/10/17,92.04
2012/10/18,92
2012/10/19,90
2012/10/22,88.3
2012/10/23,86.65
2012/10/24,85.39
2012/10/25,85.59
2012/10/26,85.84
2012/10/29,85.52
2012/10/30,85.65
2012/10/31,86.23
2012/11/1,87.05
2012/11/2,84.9
2012/11/5,85.64
2012/11/6,88.62
2012/11/7,84.5
2012/11/8,85.07
2012/11/9,86.08
2012/11/12,85.56
2012/11/13,85.38
2012/11/14,86.32
2012/11/15,85.45
2012/11/16,86.62
2012/11/19,89.05
2012/11/20,86.46
2012/11/21,87.08
2012/11/22,
2012/11/23,87.01
2012/11/26,87.28
2012/11/27,86.81
2012/11/28,86.1
2012/11/29,87.64
2012/11/30,88.54
2012/12/3,88.69
2012/12/4,88.04
2012/12/5,87.36
2012/12/6,85.47
2012/12/7,85.45
2012/12/10,85.14
2012/12/11,85.36
2012/12/12,86.35
2012/12/13,85.39
2012/12/14,86.32
2012/12/17,86.71
2012/12/18,87.46
2012/12/19,89.09
2012/12/20,89.76
2012/12/21,88.2
2012/12/24,88.29
2012/12/25,
2012/12/26,90.71
2012/12/27,90.91
2012/12/28,90.66
2012/12/31,91.83
2013/1/1,
2013/1/2,93.14
2013/1/3,92.97
2013/1/4,93.12
2013/1/7,93.2
2013/1/8,93.21
2013/1/9,93.08
2013/1/10,93.81
2013/1/11,93.6
2013/1/14,94.27
2013/1/15,93.26
2013/1/16,94.28
2013/1/17,95.49
2013/1/18,95.61
2013/1/21,
2013/1/22,96.09
2013/1/23,95.06
2013/1/24,95.35
2013/1/25,95.15
2013/1/28,95.95
2013/1/29,97.62
2013/1/30,97.98
2013/1/31,97.65
2013/2/1,97.46
2013/2/4,96.21
2013/2/5,96.68
2013/2/6,96.44
2013/2/7,95.84
2013/2/8,95.71
2013/2/11,97.01
2013/2/12,97.48
2013/2/13,97.03
2013/2/14,97.3
2013/2/15,95.95
2013/2/18,
2013/2/19,96.69
2013/2/20,94.92
2013/2/21,92.79
2013/2/22,93.12
2013/2/25,92.74
2013/2/26,92.63
2013/2/27,92.84
2013/2/28,92.03
2013/3/1,90.71
2013/3/4,90.13
2013/3/5,90.88
2013/3/6,90.47
2013/3/7,91.53
2013/3/8,92.01
2013/3/11,92.07
2013/3/12,92.44
2013/3/13,92.47
2013/3/14,93.03
2013/3/15,93.49
2013/3/18,93.71
2013/3/19,92.44
2013/3/20,93.21
2013/3/21,92.46
2013/3/22,93.41
2013/3/25,94.55
2013/3/26,95.99
2013/3/27,96.53
2013/3/28,97.24
2013/3/29,
2013/4/1,97.1
2013/4/2,97.23
2013/4/3,95.02
2013/4/4,93.26
2013/4/5,92.76
2013/4/8,93.36
2013/4/9,94.18
2013/4/10,94.59
2013/4/11,93.44
2013/4/12,91.23
2013/4/15,88.75
2013/4/16,88.73
2013/4/17,86.65
2013/4/18,87.83
2013/4/19,88.04
2013/4/22,88.81
2013/4/23,89.21
2013/4/24,91.07
2013/4/25,93.27
2013/4/26,92.63
2013/4/29,94.09
2013/4/30,93.22
2013/5/1,90.74
2013/5/2,93.7
2013/5/3,95.25
2013/5/6,95.8
2013/5/7,
2013/5/8,96.24
2013/5/9,96.09
2013/5/10,95.81
2013/5/13,94.76
2013/5/14,93.96
2013/5/15,93.95
2013/5/16,94.85
2013/5/17,95.72
2013/5/20,96.29
2013/5/21,95.55
2013/5/22,93.98
2013/5/23,94.12
2013/5/24,93.84
2013/5/27,
2013/5/28,94.65
2013/5/29,93.13
2013/5/30,93.57
2013/5/31,91.93
2013/6/3,93.41
2013/6/4,93.36
2013/6/5,93.66
2013/6/6,94.71
2013/6/7,96.11
2013/6/10,95.82
2013/6/11,95.5
2013/6/12,95.98
2013/6/13,96.66
2013/6/14,97.83
2013/6/17,97.86
2013/6/18,98.46
2013/6/19,98.24
2013/6/20,94.89
2013/6/21,93.81
2013/6/24,95.07
2013/6/25,95.25
2013/6/26,95.47
2013/6/27,97
2013/6/28,96.36
2013/7/1,97.94
2013/7/2,99.65
2013/7/3,101.92
2013/7/4,
2013/7/5,103.09
2013/7/8,103.03
2013/7/9,103.46
2013/7/10,106.41
2013/7/11,104.77
2013/7/12,105.85
2013/7/15,106.2
2013/7/16,105.88
2013/7/17,106.39
2013/7/18,107.94
2013/7/19,108
2013/7/22,106.61
2013/7/23,107.13
2013/7/24,105.41
2013/7/25,105.47
2013/7/26,104.76
2013/7/29,104.61
2013/7/30,103.14
2013/7/31,105.1
2013/8/1,107.93
2013/8/2,106.94
2013/8/5,106.61
2013/8/6,105.32
2013/8/7,104.41
2013/8/8,103.45
2013/8/9,106.04
2013/8/12,106.19
2013/8/13,106.78
2013/8/14,106.89
2013/8/15,107.43
2013/8/16,107.58
2013/8/19,107.14
2013/8/20,104.9
2013/8/21,103.93
2013/8/22,104.93
2013/8/23,106.48
2013/8/26,105.88
2013/8/27,109.11
2013/8/28,110.17
2013/8/29,108.51
2013/8/30,107.98
2013/9/2,
2013/9/3,108.67
2013/9/4,107.29
2013/9/5,108.5
2013/9/6,110.62
2013/9/9,109.62
2013/9/10,107.48
2013/9/11,107.65
2013/9/12,108.72
2013/9/13,108.31
2013/9/16,106.54
2013/9/17,105.36
2013/9/18,108.23
2013/9/19,106.26
2013/9/20,104.7
2013/9/23,103.62
2013/9/24,103.22
2013/9/25,102.68
2013/9/26,103.1
2013/9/27,102.86
2013/9/30,102.36
2013/10/1,102.09
2013/10/2,104.15
2013/10/3,103.29
2013/10/4,103.83
2013/10/7,103.07
2013/10/8,103.54
2013/10/9,101.63
2013/10/10,103.08
2013/10/11,102.17
2013/10/14,102.46
2013/10/15,101.15
2013/10/16,102.34
2013/10/17,100.72
2013/10/18,100.87
2013/10/21,99.28
2013/10/22,97.63
2013/10/23,96.9
2013/10/24,96.65
2013/10/25,97.4
2013/10/28,98.74
2013/10/29,98.29
2013/10/30,96.81
2013/10/31,96.29
2013/11/1,94.56
2013/11/4,94.58
2013/11/5,93.4
2013/11/6,94.74
2013/11/7,94.25
2013/11/8,94.56
2013/11/11,95.13
2013/11/12,93.12
2013/11/13,93.91
2013/11/14,93.76
2013/11/15,93.8
2013/11/18,93.03
2013/11/19,93.35
2013/11/20,93.34
2013/11/21,95.35
2013/11/22,94.53
2013/11/25,93.86
2013/11/26,93.41
2013/11/27,92.05
2013/11/28,
2013/11/29,92.55
2013/12/2,93.61
2013/12/3,95.83
2013/12/4,96.97
2013/12/5,97.14
2013/12/6,97.48
2013/12/9,97.1
2013/12/10,
2013/12/11,97.25
2013/12/12,97.21
2013/12/13,96.27
2013/12/16,97.18
2013/12/17,96.99
2013/12/18,97.59
2013/12/19,98.4
2013/12/20,99.11
2013/12/23,98.62
2013/12/24,98.87
2013/12/25,
2013/12/26,99.18
2013/12/27,99.94
2013/12/30,98.9
2013/12/31,98.17
2014/1/1,
2014/1/2,95.14
2014/1/3,93.66
2014/1/6,93.12
2014/1/7,93.31
2014/1/8,91.9
2014/1/9,91.36
2014/1/10,92.39
2014/1/13,91.45
2014/1/14,92.15
2014/1/15,93.78
2014/1/16,93.54
2014/1/17,93.96
2014/1/20,
2014/1/21,94.51
2014/1/22,96.35
2014/1/23,97.23
2014/1/24,96.66
2014/1/27,95.82
2014/1/28,97.49
2014/1/29,97.34
2014/1/30,98.25
2014/1/31,97.55
2014/2/3,96.44
2014/2/4,97.24
2014/2/5,97.4
2014/2/6,97.84
2014/2/7,99.98
2014/2/10,100.12
2014/2/11,99.96
2014/2/12,100.38
2014/2/13,100.27
2014/2/14,100.31
2014/2/17,
2014/2/18,102.54
2014/2/19,103.46
2014/2/20,103.2
2014/2/21,102.53
2014/2/24,103.17
2014/2/25,102.2
2014/2/26,102.93
2014/2/27,102.68
2014/2/28,102.88
2014/3/3,105.34
2014/3/4,103.64
2014/3/5,101.75
2014/3/6,101.82
2014/3/7,102.82
2014/3/10,101.39
2014/3/11,100.29
2014/3/12,98.29
2014/3/13,98.57
2014/3/14,99.23
2014/3/17,98.43
2014/3/18,100.08
2014/3/19,100.71
2014/3/20,99.68
2014/3/21,99.97
2014/3/24,100.05
2014/3/25,99.66
2014/3/26,100.61
2014/3/27,101.25
2014/3/28,101.73
2014/3/31,101.57
2014/4/1,99.69
2014/4/2,99.6
2014/4/3,100.29
2014/4/4,101.16
2014/4/7,100.43
2014/4/8,102.57
2014/4/9,103.55
2014/4/10,103.37
2014/4/11,103.68
2014/4/14,104.05
2014/4/15,103.7
2014/4/16,103.71
2014/4/17,104.33
2014/4/18,
2014/4/21,104.35
2014/4/22,101.69
2014/4/23,101.47
2014/4/24,102.2
2014/4/25,100.85
2014/4/28,101.13
2014/4/29,101.56
2014/4/30,100.07
2014/5/1,99.69
2014/5/2,100.09
2014/5/5,99.74
2014/5/6,99.81
2014/5/7,101.06
2014/5/8,100.52
2014/5/9,100.32
2014/5/12,100.89
2014/5/13,102.01
2014/5/14,102.63
2014/5/15,101.74
2014/5/16,102.31
2014/5/19,102.95
2014/5/20,102.8
2014/5/21,104.31
2014/5/22,104.03
2014/5/23,105.01
2014/5/26,
2014/5/27,104.78
2014/5/28,103.37
2014/5/29,104.26
2014/5/30,103.4
2014/6/2,103.07
2014/6/3,103.34
2014/6/4,103.27
2014/6/5,103.17
2014/6/6,103.32
2014/6/9,105.09
2014/6/10,105.02
2014/6/11,105.04
2014/6/12,107.2
2014/6/13,107.49
2014/6/16,107.52
2014/6/17,106.95
2014/6/18,106.64
2014/6/19,107.08
2014/6/20,107.95
2014/6/23,106.83
2014/6/24,106.64
2014/6/25,107.04
2014/6/26,106.49
2014/6/27,106.46
2014/6/30,106.07
2014/7/1,106.06
2014/7/2,105.18
2014/7/3,104.76
2014/7/4,
2014/7/7,104.19
2014/7/8,104.06
2014/7/9,102.93
2014/7/10,103.61
2014/7/11,101.48
2014/7/14,101.73
2014/7/15,100.56
2014/7/16,101.88
2014/7/17,103.84
2014/7/18,103.83
2014/7/21,105.34
2014/7/22,104.59
2014/7/23,103.81
2014/7/24,102.76
2014/7/25,105.23
2014/7/28,105.68
2014/7/29,104.91
2014/7/30,104.29
2014/7/31,98.23
2014/8/1,97.86
2014/8/4,98.26
2014/8/5,97.34
2014/8/6,96.93
2014/8/7,97.34
2014/8/8,97.61
2014/8/11,98.09
2014/8/12,97.36
2014/8/13,97.57
2014/8/14,95.54
2014/8/15,97.3
2014/8/18,96.44
2014/8/19,94.35
2014/8/20,96.4
2014/8/21,93.97
2014/8/22,93.61
2014/8/25,95.39
2014/8/26,95.78
2014/8/27,95.82
2014/8/28,96.44
2014/8/29,97.86
2014/9/1,
2014/9/2,92.92
2014/9/3,95.5
2014/9/4,94.51
2014/9/5,93.32
2014/9/8,92.64
2014/9/9,92.73
2014/9/10,91.71
2014/9/11,92.89
2014/9/12,92.18
2014/9/15,92.86
2014/9/16,94.91
2014/9/17,94.33
2014/9/18,93.07
2014/9/19,92.43
2014/9/22,91.46
2014/9/23,91.55
2014/9/24,93.6
2014/9/25,93.59
2014/9/26,95.55
2014/9/29,94.53
2014/9/30,91.17
2014/10/1,90.74
2014/10/2,91.02
2014/10/3,89.76
2014/10/6,90.33
2014/10/7,88.89
2014/10/8,87.29
2014/10/9,85.76
2014/10/10,85.87
2014/10/13,85.73
2014/10/14,
2014/10/15,81.82
2014/10/16,82.33
2014/10/17,82.8
2014/10/20,82.76
2014/10/21,83.25
2014/10/22,80.52
2014/10/23,82.81
2014/10/24,81.27
2014/10/27,
2014/10/28,81.36
2014/10/29,82.25
2014/10/30,81.06
2014/10/31,80.53
2014/11/3,78.77
2014/11/4,77.15
2014/11/5,78.71
2014/11/6,77.87
2014/11/7,78.71
2014/11/10,77.43
2014/11/11,77.85
2014/11/12,77.16
2014/11/13,74.13
2014/11/14,75.91
2014/11/17,75.64
2014/11/18,74.55
2014/11/19,74.55
2014/11/20,75.63
2014/11/21,76.52
2014/11/24,75.74
2014/11/25,74.04
2014/11/26,73.7
2014/11/27,
2014/11/28,65.94
2014/12/1,68.98
2014/12/2,66.99
2014/12/3,
2014/12/4,66.73
2014/12/5,65.89
2014/12/8,63.13
2014/12/9,63.74
2014/12/10,60.99
2014/12/11,60.01
2014/12/12,57.81
2014/12/15,55.96
2014/12/16,55.97
2014/12/17,56.43
2014/12/18,54.18
2014/12/19,56.91
2014/12/22,55.25
2014/12/23,56.78
2014/12/24,
2014/12/25,
2014/12/26,54.59
2014/12/29,53.46
2014/12/30,54.14
2014/12/31,53.45
2015/1/1,
2015/1/2,52.72
2015/1/5,50.05
2015/1/6,47.98
2015/1/7,48.69
2015/1/8,
2015/1/9,48.35
2015/1/12,46.06
2015/1/13,45.92
2015/1/14,48.49
2015/1/15,46.37
2015/1/16,48.49
2015/1/19,
2015/1/20,46.79
2015/1/21,47.85
2015/1/22,
2015/1/23,45.26
2015/1/26,
2015/1/27,
2015/1/28,
2015/1/29,
2015/1/30,47.79
2015/2/2,
2015/2/3,53.04
2015/2/4,
2015/2/5,50.48
2015/2/6,51.66
2015/2/9,52.99
2015/2/10,50.06
2015/2/11,48.8
2015/2/12,51.17
2015/2/13,52.66
2015/2/16,
2015/2/17,53.56
2015/2/18,52.13
2015/2/19,51.12
2015/2/20,49.95
2015/2/23,49.56
2015/2/24,48.48
2015/2/25,50.25
2015/2/26,47.65
2015/2/27,49.84
2015/3/2,49.59
2015/3/3,50.43
2015/3/4,51.53
2015/3/5,50.76
2015/3/6,49.61
2015/3/9,49.95
2015/3/10,48.42
2015/3/11,48.06
2015/3/12,47.12
2015/3/13,44.88
2015/3/16,43.93
2015/3/17,43.39
2015/3/18,44.63
2015/3/19,44.02
2015/3/20,46
2015/3/23,47.4
2015/3/24,47.03
2015/3/25,48.75
2015/3/26,51.41
2015/3/27,48.83
2015/3/30,48.66
2015/3/31,47.72
2015/4/1,50.12
2015/4/2,49.13
2015/4/3,
2015/4/6,52.08
2015/4/7,53.95
2015/4/8,50.44
2015/4/9,50.79
2015/4/10,51.63
2015/4/13,51.95
2015/4/14,53.3
2015/4/15,56.25
2015/4/16,56.69
2015/4/17,55.71
2015/4/20,56.37
2015/4/21,55.58
2015/4/22,56.17
2015/4/23,56.59
2015/4/24,55.98
2015/4/27,55.56
2015/4/28,57.05
2015/4/29,58.55
2015/4/30,59.62
2015/5/1,59.1
2015/5/4,58.92
2015/5/5,60.38
2015/5/6,60.93
2015/5/7,58.99
2015/5/8,59.41
2015/5/11,59.23
2015/5/12,60.72
2015/5/13,60.5
2015/5/14,59.89
2015/5/15,59.73
2015/5/18,59.44
2015/5/19,57.3
2015/5/20,58.96
2015/5/21,60.18
2015/5/22,58.88
2015/5/25,
2015/5/26,57.29
2015/5/27,57.51
2015/5/28,57.69
2015/5/29,60.25
2015/6/1,60.24
2015/6/2,61.3
2015/6/3,59.67
2015/6/4,58
2015/6/5,59.11
2015/6/8,58.15
2015/6/9,60.15
2015/6/10,61.36
2015/6/11,60.74
2015/6/12,59.96
2015/6/15,59.53
2015/6/16,60.01
2015/6/17,59.89
2015/6/18,60.41
2015/6/19,59.62
2015/6/22,60.01
2015/6/23,61.05
2015/6/24,60.01
2015/6/25,59.59
2015/6/26,59.41
2015/6/29,58.34
2015/6/30,59.48
2015/7/1,56.94
2015/7/2,56.93
2015/7/3,
2015/7/6,52.48
2015/7/7,52.33
2015/7/8,51.61
2015/7/9,52.76
2015/7/10,52.74
2015/7/13,52.19
2015/7/14,53.05
2015/7/15,51.4
2015/7/16,50.9
2015/7/17,50.88
2015/7/20,50.11
2015/7/21,50.59
2015/7/22,49.27
2015/7/23,48.11
2015/7/24,47.98
2015/7/27,47.17
2015/7/28,47.97
2015/7/29,48.77
2015/7/30,48.53
2015/7/31,47.11
2015/8/3,45.25
2015/8/4,45.75
2015/8/5,45.13
2015/8/6,44.69
2015/8/7,43.87
2015/8/10,44.94
2015/8/11,43.11
2015/8/12,43.22
2015/8/13,42.27
2015/8/14,42.45
2015/8/17,41.93
2015/8/18,42.58
2015/8/19,40.75
2015/8/20,41
2015/8/21,40.45
2015/8/24,38.22
2015/8/25,39.15
2015/8/26,38.5
2015/8/27,42.47
2015/8/28,45.29
2015/8/31,49.2
2015/9/1,45.38
2015/9/2,46.3
2015/9/3,46.75
2015/9/4,46.02
2015/9/7,
2015/9/8,45.92
2015/9/9,44.13
2015/9/10,45.85
2015/9/11,44.75
2015/9/14,44.07
2015/9/15,44.58
2015/9/16,47.12
2015/9/17,46.93
2015/9/18,44.71
2015/9/21,46.67
2015/9/22,46.17
2015/9/23,44.53
2015/9/24,44.94
2015/9/25,45.55
2015/9/28,44.4
2015/9/29,45.24
2015/9/30,45.06
2015/10/1,44.75
2015/10/2,45.54
2015/10/5,46.28
2015/10/6,48.53
2015/10/7,47.86
2015/10/8,49.46
2015/10/9,49.67
2015/10/12,47.09
2015/10/13,46.7
2015/10/14,46.63
2015/10/15,46.38
2015/10/16,47.3
2015/10/19,45.91
2015/10/20,45.84
2015/10/21,45.22
2015/10/22,44.9
2015/10/23,43.91
2015/10/26,43.19
2015/10/27,43.21
2015/10/28,45.93
2015/10/29,46.02
2015/10/30,46.6
2015/11/2,46.12
2015/11/3,47.88
2015/11/4,46.32
2015/11/5,45.27
2015/11/6,44.32
2015/11/9,43.87
2015/11/10,44.23
2015/11/11,42.95
2015/11/12,41.74
2015/11/13,40.69
2015/11/16,41.68
2015/11/17,40.73
2015/11/18,40.75
2015/11/19,40.55
2015/11/20,39.39
2015/11/23,39.27
2015/11/24,40.89
2015/11/25,41.22
2015/11/26,
2015/11/27,40.57
2015/11/30,40.43
2015/12/1,40.58
2015/12/2,39.93
2015/12/3,41.08
2015/12/4,40
2015/12/7,37.64
2015/12/8,37.46
2015/12/9,37.16
2015/12/10,36.76
2015/12/11,35.65
2015/12/14,36.31
2015/12/15,37.32
2015/12/16,35.55
2015/12/17,34.98
2015/12/18,34.72
2015/12/21,34.55
2015/12/22,36.12
2015/12/23,36.76
2015/12/24,37.62
2015/12/25,
2015/12/28,36.36
2015/12/29,37.88
2015/12/30,36.59
2015/12/31,37.13
2016/1/1,
2016/1/4,36.81
2016/1/5,35.97
2016/1/6,33.97
2016/1/7,33.29
2016/1/8,33.2
2016/1/11,31.42
2016/1/12,30.42
2016/1/13,30.42
2016/1/14,31.22
2016/1/15,29.45
2016/1/18,
2016/1/19,28.47
2016/1/20,26.68
2016/1/21,29.55
2016/1/22,32.07
2016/1/25,30.31
2016/1/26,29.54
2016/1/27,32.32
2016/1/28,33.21
2016/1/29,33.66
2016/2/1,31.62
2016/2/2,29.9
2016/2/3,32.29
2016/2/4,31.63
2016/2/5,30.86
2016/2/8,29.71
2016/2/9,27.96
2016/2/10,27.54
2016/2/11,26.19
2016/2/12,29.32
2016/2/15,
2016/2/16,29.05
2016/2/17,30.68
2016/2/18,30.77
2016/2/19,29.59
2016/2/22,31.37
2016/2/23,31.84
2016/2/24,30.35
2016/2/25,31.4
2016/2/26,31.65
2016/2/29,32.74
2016/3/1,34.39
2016/3/2,34.57
2016/3/3,34.56
2016/3/4,35.91
2016/3/7,37.9
2016/3/8,36.67
2016/3/9,37.62
2016/3/10,37.77
2016/3/11,38.51
2016/3/14,37.2
2016/3/15,36.32
2016/3/16,38.43
2016/3/17,40.17
2016/3/18,39.47
2016/3/21,39.91
2016/3/22,41.45
2016/3/23,38.28
2016/3/24,38.14
2016/3/25,
2016/3/28,37.99
2016/3/29,36.91
2016/3/30,36.91
2016/3/31,36.94
2016/4/1,35.36
2016/4/4,34.3
2016/4/5,34.52
2016/4/6,37.74
2016/4/7,37.3
2016/4/8,39.74
2016/4/11,40.46
2016/4/12,42.12
2016/4/13,41.7
2016/4/14,41.45
2016/4/15,40.4
2016/4/18,39.74
2016/4/19,40.88
2016/4/20,42.72
2016/4/21,43.18
2016/4/22,42.76
2016/4/25,41.67
2016/4/26,42.52
2016/4/27,45.29
2016/4/28,46.03
2016/4/29,45.98
2016/5/2,44.75
2016/5/3,43.65
2016/5/4,43.77
2016/5/5,44.33
2016/5/6,44.58
2016/5/9,43.45
2016/5/10,44.68
2016/5/11,46.21
2016/5/12,46.64
2016/5/13,46.22
2016/5/16,47.72
2016/5/17,48.29
2016/5/18,48.12
2016/5/19,48.16
2016/5/20,47.67
2016/5/23,48.12
2016/5/24,48.04
2016/5/25,49.1
2016/5/26,49
2016/5/27,49.36
2016/5/30,
2016/5/31,49.1
2016/6/1,49.07
2016/6/2,49.14
2016/6/3,48.69
2016/6/6,49.71
2016/6/7,50.37
2016/6/8,51.23
2016/6/9,50.52
2016/6/10,49.09
2016/6/13,48.89
2016/6/14,48.49
2016/6/15,47.92
2016/6/16,46.14
2016/6/17,48
2016/6/20,49.4
2016/6/21,48.95
2016/6/22,49.16
2016/6/23,49.34
2016/6/24,46.7
2016/6/27,45.8
2016/6/28,47.93
2016/6/29,49.85
2016/6/30,48.27
2016/7/1,49.02
2016/7/4,
2016/7/5,46.73
2016/7/6,47.37
2016/7/7,45.22
2016/7/8,45.37
2016/7/11,44.73
2016/7/12,46.82
2016/7/13,44.87
2016/7/14,45.64
2016/7/15,45.93
2016/7/18,45.23
2016/7/19,44.64
2016/7/20,44.96
2016/7/21,43.96
2016/7/22,43.41
2016/7/25,42.4
2016/7/26,42.16
2016/7/27,41.9
2016/7/28,41.13
2016/7/29,41.54
2016/8/1,40.05
2016/8/2,39.5
2016/8/3,40.8
2016/8/4,41.92
2016/8/5,41.83
2016/8/8,43.06
2016/8/9,42.78
2016/8/10,41.75
2016/8/11,43.51
2016/8/12,44.47
2016/8/15,45.72
2016/8/16,46.57
2016/8/17,46.81
2016/8/18,48.2
2016/8/19,48.48
2016/8/22,46.8
2016/8/23,47.54
2016/8/24,46.29
2016/8/25,46.97
2016/8/26,47.64
2016/8/29,46.97
2016/8/30,46.32
2016/8/31,44.68
2016/9/1,43.17
2016/9/2,44.39
2016/9/5,
2016/9/6,44.85
2016/9/7,45.47
2016/9/8,47.63
2016/9/9,45.88
2016/9/12,46.28
2016/9/13,44.91
2016/9/14,43.62
2016/9/15,43.85
2016/9/16,43.04
2016/9/19,43.34
2016/9/20,43.85
2016/9/21,45.33
2016/9/22,46.1
2016/9/23,44.36
2016/9/26,45.6
2016/9/27,44.65
2016/9/28,47.07
2016/9/29,47.72
2016/9/30,47.72
2016/10/3,48.8
2016/10/4,48.67
2016/10/5,49.75
2016/10/6,50.44
2016/10/7,49.76
2016/10/10,49.76
2016/10/11,50.72
2016/10/12,50.14
2016/10/13,50.47
2016/10/14,50.35
2016/10/17,49.97
2016/10/18,50.3
2016/10/19,51.59
2016/10/20,50.31
2016/10/21,50.61
2016/10/24,50.18
2016/10/25,49.45
2016/10/26,48.75
2016/10/27,49.71
2016/10/28,48.72
2016/10/31,46.83
2016/11/1,46.66
2016/11/2,45.32
2016/11/3,44.66
2016/11/4,44.07
2016/11/7,44.88
2016/11/8,44.96
2016/11/9,45.2
2016/11/10,44.62
2016/11/11,43.39
2016/11/14,43.29
2016/11/15,45.86
2016/11/16,45.56
2016/11/17,45.37
2016/11/18,45.69
2016/11/21,47.48
2016/11/22,48.07
2016/11/23,46.72
2016/11/24,
2016/11/25,46.72
2016/11/28,45.66
2016/11/29,45.29
2016/11/30,49.41
2016/12/1,51.08
2016/12/2,51.7
2016/12/5,51.72
2016/12/6,50.95
2016/12/7,49.85
2016/12/8,50.84
2016/12/9,51.51
2016/12/12,52.74
2016/12/13,52.99
2016/12/14,51.01
2016/12/15,50.9
2016/12/16,51.93
2016/12/19,52.13
2016/12/20,52.22
2016/12/21,51.44
2016/12/22,51.98
2016/12/23,52.01
2016/12/26,
2016/12/27,52.82
2016/12/28,54.01
2016/12/29,53.8
2016/12/30,53.75
2017/1/2,
2017/1/3,52.36
2017/1/4,53.26
2017/1/5,53.77
2017/1/6,53.98
2017/1/9,51.95
2017/1/10,50.82
2017/1/11,52.19
2017/1/12,53.01
2017/1/13,52.36
2017/1/16,
2017/1/17,52.45
2017/1/18,51.12
2017/1/19,51.39
2017/1/20,52.33
2017/1/23,52.77
2017/1/24,52.38
2017/1/25,52.14
2017/1/26,53.24
2017/1/27,53.18
2017/1/30,52.63
2017/1/31,52.75
2017/2/1,53.9
2017/2/2,53.55
2017/2/3,53.81
2017/2/6,53.01
2017/2/7,52.19
2017/2/8,52.37
2017/2/9,52.99
2017/2/10,53.84
2017/2/13,52.96
2017/2/14,53.21
2017/2/15,53.11
2017/2/16,53.41
2017/2/17,53.41
2017/2/20,
2017/2/21,54.02
2017/2/22,53.61
2017/2/23,54.48
2017/2/24,53.99
2017/2/27,54.04
2017/2/28,54
2017/3/1,53.82
2017/3/2,52.63
2017/3/3,53.33
2017/3/6,53.19
2017/3/7,52.68
2017/3/8,49.83
2017/3/9,48.75
2017/3/10,48.05
2017/3/13,47.95
2017/3/14,47.24
2017/3/15,48.34
2017/3/16,48.3
2017/3/17,48.34
2017/3/20,47.79
2017/3/21,47.02
2017/3/22,47.29
2017/3/23,47
2017/3/24,47.3
2017/3/27,47.02
2017/3/28,48.36
2017/3/29,49.47
2017/3/30,50.3
2017/3/31,50.54
2017/4/3,50.25
2017/4/4,50.99
2017/4/5,51.14
2017/4/6,51.69
2017/4/7,52.25
2017/4/10,53.06
2017/4/11,53.38
2017/4/12,53.12
2017/4/13,53.19
2017/4/14,
2017/4/17,52.62
2017/4/18,52.46
2017/4/19,50.49
2017/4/20,50.26
2017/4/21,49.64
2017/4/24,48.9
2017/4/25,49.22
2017/4/26,49.22
2017/4/27,48.96
2017/4/28,49.31
2017/5/1,48.83
2017/5/2,47.65
2017/5/3,47.79
2017/5/4,45.55
2017/5/5,46.23
2017/5/8,46.46
2017/5/9,45.84
2017/5/10,47.28
2017/5/11,47.81
2017/5/12,47.83
2017/5/15,48.86
2017/5/16,48.64
2017/5/17,49.04
2017/5/18,49.36
2017/5/19,50.32
2017/5/22,50.81
2017/5/23,51.12
2017/5/24,50.99
2017/5/25,48.57
2017/5/26,49.58
2017/5/29,
2017/5/30,49.63
2017/5/31,48.29
2017/6/1,48.32
2017/6/2,47.68
2017/6/5,47.4
2017/6/6,48.13
2017/6/7,45.8
2017/6/8,45.68
2017/6/9,45.82
2017/6/12,46.1
2017/6/13,46.41
2017/6/14,44.79
2017/6/15,44.47
2017/6/16,44.73
2017/6/19,44.24
2017/6/20,43.34
2017/6/21,42.48
2017/6/22,42.53
2017/6/23,42.86
2017/6/26,43.24
2017/6/27,44.25
2017/6/28,44.74
2017/6/29,44.88
2017/6/30,46.02
2017/7/3,
2017/7/4,
2017/7/5,45.11
2017/7/6,45.52
2017/7/7,44.25
2017/7/10,44.4
2017/7/11,45.06
2017/7/12,45.48
2017/7/13,46.06
2017/7/14,46.53
2017/7/17,46.02
2017/7/18,46.4
2017/7/19,47.1
2017/7/20,46.73
2017/7/21,45.78
2017/7/24,46.21
2017/7/25,47.77
2017/7/26,48.58
2017/7/27,49.05
2017/7/28,49.72
2017/7/31,50.21
2017/8/1,49.19
2017/8/2,49.6
2017/8/3,49.03
2017/8/4,49.57
2017/8/7,49.37
2017/8/8,49.07
2017/8/9,49.59
2017/8/10,48.54
2017/8/11,48.81
2017/8/14,47.59
2017/8/15,47.57
2017/8/16,46.8
2017/8/17,47.07
2017/8/18,48.59
2017/8/21,47.39
2017/8/22,47.65
2017/8/23,48.45
2017/8/24,47.24
2017/8/25,47.65
2017/8/28,46.4
2017/8/29,46.46
2017/8/30,45.96
2017/8/31,47.26
2017/9/1,47.32
2017/9/4,
2017/9/5,48.63
2017/9/6,49.13
2017/9/7,49.1
2017/9/8,47.44
2017/9/11,48.06
2017/9/12,48.21
2017/9/13,49.3
2017/9/14,49.86
2017/9/15,49.9
2017/9/18,49.88
2017/9/19,49.54
2017/9/20,50.29
2017/9/21,50.58
2017/9/22,50.33
2017/9/25,51.85
2017/9/26,51.59
2017/9/27,52.14
2017/9/28,51.62
2017/9/29,51.67
2017/10/2,50.59
2017/10/3,50.44
2017/10/4,50
2017/10/5,50.79
2017/10/6,49.34
2017/10/9,49.58
2017/10/10,50.93
2017/10/11,51.3
2017/10/12,50.61
2017/10/13,51.43
2017/10/16,51.86
2017/10/17,51.87
2017/10/18,52.05
2017/10/19,51.29
2017/10/20,51.63
2017/10/23,51.91
2017/10/24,52.32
2017/10/25,51.97
2017/10/26,52.41
2017/10/27,53.92
2017/10/30,54.11
2017/10/31,54.36
2017/11/1,54.32
2017/11/2,54.55
2017/11/3,55.63
2017/11/6,57.34
2017/11/7,57.19
2017/11/8,56.82
2017/11/9,57.16
2017/11/10,56.75
2017/11/13,56.77
2017/11/14,55.67
2017/11/15,55.28
2017/11/16,55.14
2017/11/17,56.21
2017/11/20,56.21
2017/11/21,56.84
2017/11/22,57.88
2017/11/23,
2017/11/24,58.94
2017/11/27,58.1
2017/11/28,57.96
2017/11/29,57.25
2017/11/30,57.4
2017/12/1,58.35
2017/12/4,57.48
2017/12/5,57.66
2017/12/6,55.79
2017/12/7,56.5
2017/12/8,57.15
2017/12/11,57.84
2017/12/12,57.12
2017/12/13,56.59
2017/12/14,57
2017/12/15,57.29
2017/12/18,57.17
2017/12/19,57.49
2017/12/20,58.09
2017/12/21,58.34
2017/12/22,58.25
2017/12/25,
2017/12/26,59.55
2017/12/27,59.67
2017/12/28,59.84
2017/12/29,60.46
2018/1/1,
2018/1/2,60.37
2018/1/3,61.61
2018/1/4,61.98
2018/1/5,61.49
2018/1/8,61.73
2018/1/9,62.92
2018/1/10,63.6
2018/1/11,63.81
2018/1/12,64.22
2018/1/15,
2018/1/16,63.82
2018/1/17,63.92
2018/1/18,63.96
2018/1/19,63.38
2018/1/22,63.66
2018/1/23,64.45
2018/1/24,65.69
2018/1/25,65.62
2018/1/26,66.27
2018/1/29,65.71
2018/1/30,64.64
2018/1/31,64.82
2018/2/1,65.92
2018/2/2,65.5
2018/2/5,64.18
2018/2/6,63.48
2018/2/7,61.91
2018/2/8,61.3
2018/2/9,59.2
2018/2/12,59.41
2018/2/13,59.33
2018/2/14,60.7
2018/2/15,61.48
2018/2/16,61.89
2018/2/19,
2018/2/20,61.91
2018/2/21,61.73
2018/2/22,62.72
2018/2/23,63.52
2018/2/26,63.81
2018/2/27,62.94
2018/2/28,61.43
2018/3/1,60.98
2018/3/2,61.19
2018/3/5,62.49
2018/3/6,62.54
2018/3/7,61.09
2018/3/8,60.13
2018/3/9,62.02
2018/3/12,61.35
2018/3/13,60.69
2018/3/14,60.89
2018/3/15,61.16
2018/3/16,62.29
2018/3/19,62.01
2018/3/20,63.37
2018/3/21,65.1
2018/3/22,64.25
2018/3/23,65.8
2018/3/26,65.49
2018/3/27,65.21
2018/3/28,64.3
2018/3/29,64.87
2018/3/30,
2018/4/2,63.05
2018/4/3,63.41
2018/4/4,63.35
2018/4/5,63.53
2018/4/6,62.03
2018/4/9,63.4
2018/4/10,65.48
2018/4/11,66.81
2018/4/12,67.07
2018/4/13,67.35
2018/4/16,66.23
2018/4/17,66.5
2018/4/18,68.44
2018/4/19,68.3
2018/4/20,68.26
2018/4/23,67.61
2018/4/24,67.66
2018/4/25,68
2018/4/26,68.18
2018/4/27,68.11
2018/4/30,68.56
2018/5/1,67.28
2018/5/2,67.91
2018/5/3,68.45
2018/5/4,69.71
2018/5/7,70.74
2018/5/8,68.83
2018/5/9,71.16
2018/5/10,71.36
2018/5/11,70.69
2018/5/14,71.01
2018/5/15,71.34
2018/5/16,71.43
2018/5/17,71.47
2018/5/18,71.23
2018/5/21,72.26
2018/5/22,72.09
2018/5/23,71.85
2018/5/24,70.77
2018/5/25,67.92
2018/5/28,
2018/5/29,66.8
2018/5/30,68.24
2018/5/31,66.98
2018/6/1,65.81
2018/6/4,64.76
2018/6/5,65.51
2018/6/6,64.75
2018/6/7,65.96
2018/6/8,65.77
2018/6/11,66.1
2018/6/12,66.38
2018/6/13,66.63
2018/6/14,66.91
2018/6/15,65.01
2018/6/18,65.91
2018/6/19,65.09
2018/6/20,65.92
2018/6/21,65.68
2018/6/22,69.02
2018/6/25,69.91
2018/6/26,75.23
2018/6/27,77.41
2018/6/28,73.45
2018/6/29,74.13
2018/7/2,73.89
2018/7/3,74.19
2018/7/4,
2018/7/5,73.05
2018/7/6,73.78
2018/7/9,73.93
2018/7/10,74.11
2018/7/11,70.47
2018/7/12,70.28
2018/7/13,71.03
2018/7/16,68.22
2018/7/17,68.03
2018/7/18,68.78
2018/7/19,69.42
2018/7/20,70.31
2018/7/23,67.9
2018/7/24,70.77
2018/7/25,71.13
2018/7/26,71.59
2018/7/27,68.66
2018/7/30,71.19
2018/7/31,69.88
2018/8/1,68.8
2018/8/2,68.95
2018/8/3,68.49
2018/8/6,69.01
2018/8/7,69.17
2018/8/8,66.92
2018/8/9,66.81
2018/8/10,67.61
2018/8/13,67.25
2018/8/14,67.04
2018/8/15,65.07
2018/8/16,65.44
2018/8/17,65.93
2018/8/20,66.5
2018/8/21,67.32
2018/8/22,67.85
2018/8/23,69.13
2018/8/24,69.71
2018/8/27,69.97
2018/8/28,68.54
2018/8/29,69.68
2018/8/30,70.25
2018/8/31,69.84
2018/9/3,
2018/9/4,69.82
2018/9/5,68.69
2018/9/6,67.81
2018/9/7,67.73
2018/9/10,67.55
2018/9/11,69.29
2018/9/12,70.37
2018/9/13,68.6
2018/9/14,68.98
2018/9/17,68.86
2018/9/18,69.87
2018/9/19,71.08
2018/9/20,70.77
2018/9/21,70.8
2018/9/24,73.23
2018/9/25,73.4
2018/9/26,72.22
2018/9/27,72.18
2018/9/28,73.16
2018/10/1,75.37
2018/10/2,75.16
2018/10/3,76.4
2018/10/4,74.44
2018/10/5,74.26
2018/10/8,74.27
2018/10/9,74.95
2018/10/10,73.18
2018/10/11,70.97
2018/10/12,71.41
2018/10/15,71.84
2018/10/16,71.93
2018/10/17,69.63
2018/10/18,68.63
2018/10/19,69.16
2018/10/22,69.25
2018/10/23,66.49
2018/10/24,66.56
2018/10/25,67.25
2018/10/26,67.58
2018/10/29,67
2018/10/30,66.18
2018/10/31,65.31
2018/11/1,63.67
2018/11/2,63.12
2018/11/5,63.12
2018/11/6,62.16
2018/11/7,61.69
2018/11/8,60.71
2018/11/9,60.19
2018/11/12,59.85
2018/11/13,55.63
2018/11/14,56.16
2018/11/15,56.45
2018/11/16,56.49
2018/11/19,57.16
2018/11/20,53.39
2018/11/21,54.41
2018/11/22,
2018/11/23,
2018/11/26,51.46
2018/11/27,51.31
2018/11/28,50.06
2018/11/29,51.46
2018/11/30,50.78
2018/12/3,52.98
2018/12/4,53.21
2018/12/5,52.64
2018/12/6,51.54
2018/12/7,52.76
2018/12/10,51.07
2018/12/11,51.65
2018/12/12,51.04
2018/12/13,52.69
2018/12/14,51.26
2018/12/17,49.8
2018/12/18,46.12
2018/12/19,47.96
2018/12/20,45.64
2018/12/21,45.38
2018/12/24,
2018/12/25,
2018/12/26,46.04
2018/12/27,44.48
2018/12/28,45.15
2018/12/31,
2019/1/1,
2019/1/2,46.31
2019/1/3,46.92
2019/1/4,47.76
2019/1/7,48.27
2019/1/8,49.58
2019/1/9,52.19
2019/1/10,52.42
2019/1/11,51.44
2019/1/14,50.31
2019/1/15,51.8
2019/1/16,52.08
2019/1/17,51.83
2019/1/18,53.6
2019/1/21,
2019/1/22,52.59
2019/1/23,52.44
2019/1/24,52.94
2019/1/25,53.53
2019/1/28,51.79
2019/1/29,53.07
2019/1/30,54.18
2019/1/31,53.84
2019/2/1,55.29
2019/2/4,54.57
2019/2/5,53.69
2019/2/6,53.94
2019/2/7,52.68
2019/2/8,52.75
2019/2/11,52.43
2019/2/12,53.14
2019/2/13,53.84
2019/2/14,54.4
2019/2/15,55.58
2019/2/18,
2019/2/19,56.12
2019/2/20,56.9
2019/2/21,56.95
2019/2/22,57.01
2019/2/25,55.32
2019/2/26,55.4
2019/2/27,56.92
2019/2/28,57.21
2019/3/1,55.76
2019/3/4,56.6
2019/3/5,56.55
2019/3/6,56.22
2019/3/7,56.6
2019/3/8,55.77
2019/3/11,56.79
2019/3/12,56.89
2019/3/13,58.27
2019/3/14,58.59
2019/3/15,58.51
2019/3/18,59.09
2019/3/19,59.12
2019/3/20,60.12
2019/3/21,59.98
2019/3/22,58.87
2019/3/25,58.71
2019/3/26,59.87
2019/3/27,59.39
2019/3/28,59.29
2019/3/29,60.19
2019/4/1,61.59
2019/4/2,62.53
2019/4/3,62.46
2019/4/4,62.12
2019/4/5,63.1
2019/4/8,64.37
2019/4/9,64.05
2019/4/10,64.62
2019/4/11,63.61
2019/4/12,63.86
2019/4/15,63.43
2019/4/16,64.01
2019/4/17,63.74
2019/4/18,64.02
2019/4/19,
2019/4/22,65.66
2019/4/23,66.24
2019/4/24,65.96
2019/4/25,65.23
2019/4/26,63.29
2019/4/29,63.39
2019/4/30,63.83
2019/5/1,63.55
2019/5/2,61.75
2019/5/3,61.98
2019/5/6,62.3
2019/5/7,61.41
2019/5/8,62.13
2019/5/9,61.58
2019/5/10,61.65
2019/5/13,60.97
2019/5/14,61.82
2019/5/15,62.03
2019/5/16,62.93
2019/5/17,62.77
2019/5/20,63.12
2019/5/21,63.02
2019/5/22,61.42
2019/5/23,57.65
2019/5/24,58.4
2019/5/27,
2019/5/28,58.91
2019/5/29,58.84
2019/5/30,56.47
2019/5/31,53.49
2019/6/3,53.25
2019/6/4,53.5
2019/6/5,51.57
2019/6/6,52.59
2019/6/7,53.95
2019/6/10,53.33
2019/6/11,53.3
2019/6/12,51.13
2019/6/13,52.38
2019/6/14,52.47
2019/6/17,51.94
2019/6/18,53.86
2019/6/19,53.74
2019/6/20,56.88
2019/6/21,57.35
2019/6/24,57.73
2019/6/25,57.63
2019/6/26,59.17
2019/6/27,59.18
2019/6/28,58.2
2019/7/1,58.91
2019/7/2,56
2019/7/3,57.06
2019/7/4,
2019/7/5,
2019/7/8,57.35
2019/7/9,57.57
2019/7/10,60.28
2019/7/11,59.93
2019/7/12,59.99
2019/7/15,59.3
2019/7/16,57.44
2019/7/17,56.5
2019/7/18,55.08
2019/7/19,55.42
2019/7/22,55.87
2019/7/23,56.58
2019/7/24,55.9
2019/7/25,55.88
2019/7/26,56.04
2019/7/29,56.85
2019/7/30,58.04
2019/7/31,58.53
2019/8/1,53.64
2019/8/2,55.67
2019/8/5,54.63
2019/8/6,53.6
2019/8/7,51.14
2019/8/8,52.6
2019/8/9,54.41
2019/8/12,54.98
2019/8/13,57.05
2019/8/14,55.16
2019/8/15,54.51
2019/8/16,54.83
2019/8/19,56.24
2019/8/20,56.18
2019/8/21,55.65
2019/8/22,55.33
2019/8/23,54.08
2019/8/26,53.54
2019/8/27,54.99
2019/8/28,55.76
2019/8/29,56.67
2019/8/30,55.07
2019/9/2,
2019/9/3,53.91
2019/9/4,56.22
2019/9/5,56.33
2019/9/6,56.45
2019/9/9,57.88
2019/9/10,57.37
2019/9/11,55.66
2019/9/12,55.13
2019/9/13,54.76
2019/9/16,63.1
2019/9/17,59.26
2019/9/18,58.19
2019/9/19,58.19
2019/9/20,57.92
2019/9/23,58.69
2019/9/24,57.22
2019/9/25,56.38
2019/9/26,56.24
2019/9/27,55.95
2019/9/30,54.09
2019/10/1,53.6
2019/10/2,52.67
2019/10/3,52.41
2019/10/4,52.84
2019/10/7,52.76
2019/10/8,52.64
2019/10/9,52.63
2019/10/10,53.57
2019/10/11,54.76
2019/10/14,53.57
2019/10/15,52.81
2019/10/16,53.42
2019/10/17,53.89
2019/10/18,53.75
2019/10/21,53.28
2019/10/22,54.21
2019/10/23,55.9
2019/10/24,56.11
2019/10/25,56.52
2019/10/28,55.6
2019/10/29,55.34
2019/10/30,54.85
2019/10/31,54.02
2019/11/1,56.04
2019/11/4,56.33
2019/11/5,57.04
2019/11/6,56.15
2019/11/7,56.91
2019/11/8,57.02
2019/11/11,
2019/11/12,56.67
2019/11/13,56.88
2019/11/14,56.57
2019/11/15,57.54
2019/11/18,56.82
2019/11/19,54.93
2019/11/20,56.71
2019/11/21,58.36
2019/11/22,57.68
2019/11/25,57.79
2019/11/26,58.25
2019/11/27,58.12
2019/11/28,
2019/11/29,58.12
2019/12/2,55.97
2019/12/3,56.15
2019/12/4,58.46
2019/12/5,58.42
2019/12/6,59.2
2019/12/9,58.99
2019/12/10,59.22
2019/12/11,58.74
2019/12/12,59.18
2019/12/13,60.11
2019/12/16,60.21
2019/12/17,60.88
2019/12/18,60.93
2019/12/19,61.3
2019/12/20,60.43
2019/12/23,60.51
2019/12/24,61.17
2019/12/25,
2019/12/26,61.72
2019/12/27,61.76
2019/12/30,61.66
2019/12/31,61.14
2020/1/1,
2020/1/2,61.17
2020/1/3,63
2020/1/6,63.27
2020/1/7,62.7
2020/1/8,59.65
2020/1/9,59.56
2020/1/10,59.02
2020/1/13,58.17
2020/1/14,58.34
2020/1/15,57.86
2020/1/16,58.52
2020/1/17,58.55
2020/1/20,
2020/1/21,58.25
2020/1/22,56.76
2020/1/23,55.51
2020/1/24,54.09
2020/1/27,53.09
2020/1/28,53.33
2020/1/29,53.29
2020/1/30,52.19
2020/1/31,51.58
2020/2/3,50.06
2020/2/4,49.59
2020/2/5,50.87
2020/2/6,50.94
2020/2/7,50.34
2020/2/10,49.59
2020/2/11,50
2020/2/12,51.13
2020/2/13,51.41
2020/2/14,52.03
2020/2/17,
2020/2/18,52.1
2020/2/19,53.31
2020/2/20,53.77
2020/2/21,53.36
2020/2/24,51.36
2020/2/25,49.78
2020/2/26,48.67
2020/2/27,47.17
2020/2/28,44.83
2020/3/2,46.78
2020/3/3,47.27
2020/3/4,46.78
2020/3/5,45.9
2020/3/6,41.14
2020/3/9,31.05
2020/3/10,34.47
2020/3/11,33.13
2020/3/12,31.56
2020/3/13,31.72
2020/3/16,28.96
2020/3/17,26.96
2020/3/18,20.48
2020/3/19,25.09
2020/3/20,19.48
2020/3/23,23.33
2020/3/24,21.03
2020/3/25,20.75
2020/3/26,16.6
2020/3/27,15.48
2020/3/30,14.1
2020/3/31,20.51
2020/4/1,20.28
2020/4/2,25.18
2020/4/3,28.36
2020/4/6,26.21
2020/4/7,23.54
2020/4/8,24.97
2020/4/9,22.9
2020/4/10,
2020/4/13,22.36
2020/4/14,20.15
2020/4/15,19.96
2020/4/16,19.82
2020/4/17,18.31
2020/4/20,-36.98
2020/4/21,8.91
2020/4/22,13.64
2020/4/23,15.06
2020/4/24,15.99
2020/4/27,12.17
2020/4/28,12.4
2020/4/29,15.04
2020/4/30,19.23
2020/5/1,19.72
2020/5/4,20.47
2020/5/5,24.56
2020/5/6,23.88
2020/5/7,23.68
2020/5/8,24.73
2020/5/11,24.02
2020/5/12,25.76
2020/5/13,25.37
2020/5/14,27.4
2020/5/15,29.44
2020/5/18,31.83
2020/5/19,32.3
2020/5/20,33.56
2020/5/21,34.3
2020/5/22,33.49
2020/5/25,
2020/5/26,34.7
2020/5/27,32.8
2020/5/28,33.67
2020/5/29,35.57
2020/6/1,35.49
2020/6/2,36.88
2020/6/3,37.33
2020/6/4,37.42
2020/6/5,39.49
2020/6/8,38.17
2020/6/9,38.98
2020/6/10,39.54
2020/6/11,36.43
2020/6/12,36.24
2020/6/15,37.07
2020/6/16,38.26
2020/6/17,37.91
2020/6/18,38.79
2020/6/19,39.72
2020/6/22,40.6
2020/6/23,40.4
2020/6/24,37.91
2020/6/25,38.66
2020/6/26,38.53
2020/6/29,39.67
2020/6/30,39.27
2020/7/1,39.88
2020/7/2,40.57
2020/7/3,
2020/7/6,40.51
2020/7/7,40.59
2020/7/8,40.91
2020/7/9,39.64
2020/7/10,40.56
2020/7/13,40.06
2020/7/14,40.3
2020/7/15,41.2
2020/7/16,40.74
2020/7/17,40.55
2020/7/20,40.83
2020/7/21,41.76
2020/7/22,41.88
2020/7/23,40.99
2020/7/24,41.23
2020/7/27,41.46
2020/7/28,40.89
2020/7/29,41.13
2020/7/30,39.85
2020/7/31,40.1
2020/8/3,40.83
2020/8/4,41.67
2020/8/5,42.25
2020/8/6,41.93
2020/8/7,41.16
2020/8/10,41.94
2020/8/11,41.53
2020/8/12,42.6
2020/8/13,42.26
2020/8/14,42.05
2020/8/17,42.89
2020/8/18,42.89
2020/8/19,42.91
2020/8/20,42.62
2020/8/21,42.32
2020/8/24,42.44
2020/8/25,43.17
2020/8/26,43.21
2020/8/27,42.88
2020/8/28,42.96
2020/8/31,42.61
2020/9/1,42.76
2020/9/2,42.76
2020/9/3,41.39
2020/9/4,39.69
2020/9/7,
2020/9/8,36.87
2020/9/9,38.05
2020/9/10,37.25
2020/9/11,37.33
2020/9/14,37.23
2020/9/15,38.29
2020/9/16,40.17
2020/9/17,40.99
2020/9/18,41.09
2020/9/21,39.26
2020/9/22,39.55
2020/9/23,39.92
2020/9/24,40.11
2020/9/25,40.06
2020/9/28,40.47
2020/9/29,39.03
2020/9/30,40.05
2020/10/1,38.51
2020/10/2,36.9
2020/10/5,39.12
2020/10/6,40.52
2020/10/7,39.82
2020/10/8,41.04
2020/10/9,40.44
2020/10/12,39.22
2020/10/13,40.03
2020/10/14,40.86
2020/10/15,40.84
2020/10/16,40.7
2020/10/19,40.69
2020/10/20,41.37
2020/10/21,39.88
2020/10/22,40.46
2020/10/23,39.73
2020/10/26,38.39
2020/10/27,39.34
2020/10/28,37.27
2020/10/29,35.94
2020/10/30,35.64
2020/11/2,36.6
2020/11/3,37.44
2020/11/4,38.97
2020/11/5,38.56
2020/11/6,36.97
2020/11/9,40.05
2020/11/10,41.18
2020/11/11,41.23
2020/11/12,40.9
2020/11/13,39.93
2020/11/16,41.14
2020/11/17,41.24
2020/11/18,41.64
2020/11/19,41.57
2020/11/20,41.99
2020/11/23,42.91
2020/11/24,44.71
2020/11/25,45.58
2020/11/26,
2020/11/27,
2020/11/30,45.2
2020/12/1,44.54
2020/12/2,45.23
2020/12/3,45.65
2020/12/4,46.23
2020/12/7,45.72
2020/12/8,45.64
2020/12/9,45.48
2020/12/10,46.76
2020/12/11,46.59
2020/12/14,47.02
2020/12/15,47.58
2020/12/16,47.86
2020/12/17,48.34
2020/12/18,49.04
2020/12/21,47.79
2020/12/22,47.02
2020/12/23,47.94
2020/12/24,48.18
2020/12/25,
2020/12/28,47.5
2020/12/29,47.85
2020/12/30,48.24
2020/12/31,48.35
2021/1/1,
2021/1/4,47.47
2021/1/5,49.78
2021/1/6,50.45
2021/1/7,50.63
2021/1/8,52.14
2021/1/11,52.15
2021/1/12,53.08
2021/1/13,52.81
2021/1/14,53.47
2021/1/15,52.25
2021/1/18,
2021/1/19,52.87
2021/1/20,53.16
2021/1/21,53
2021/1/22,52.28
2021/1/25,52.78
2021/1/26,52.61
2021/1/27,52.81
2021/1/28,52.26
2021/1/29,52.16
2021/2/1,53.55
2021/2/2,54.77
2021/2/3,55.67
2021/2/4,56.19
2021/2/5,56.8
2021/2/8,57.95
2021/2/9,58.34
2021/2/10,58.69
2021/2/11,58.22
2021/2/12,59.5
2021/2/15,
2021/2/16,60.07
2021/2/17,61.09
2021/2/18,60.4
2021/2/19,59.12
2021/2/22,61.67
2021/2/23,61.66
2021/2/24,63.21
2021/2/25,63.43
2021/2/26,61.55
2021/3/1,60.54
2021/3/2,59.7
2021/3/3,61.33
2021/3/4,63.81
2021/3/5,66.08
2021/3/8,65.03
2021/3/9,64.02
2021/3/10,64.45
2021/3/11,66.02
2021/3/12,65.59
2021/3/15,65.36
2021/3/16,64.82
2021/3/17,64.55
2021/3/18,59.95
2021/3/19,61.43
2021/3/22,61.48
2021/3/23,57.75
2021/3/24,61.12
2021/3/25,58.47
2021/3/26,60.93
2021/3/29,61.49
2021/3/30,60.55
2021/3/31,59.19
2021/4/1,61.41
2021/4/2,
2021/4/5,58.73
2021/4/6,59.34
2021/4/7,59.77
2021/4/8,59.61
2021/4/9,59.29
2021/4/12,59.7
2021/4/13,60.2
2021/4/14,63.15
2021/4/15,63.42
2021/4/16,63.16
2021/4/19,63.33
2021/4/20,62.61
2021/4/21,61.34
2021/4/22,61.45
2021/4/23,62.18
2021/4/26,62.02
2021/4/27,63.03
2021/4/28,63.81
2021/4/29,65
2021/4/30,63.5
2021/5/3,64.46
2021/5/4,65.72
2021/5/5,65.63
2021/5/6,64.73
2021/5/7,64.96
2021/5/10,64.92
2021/5/11,65.31
2021/5/12,65.96
2021/5/13,63.82
2021/5/14,65.32
2021/5/17,66.24
2021/5/18,65.49
2021/5/19,63.28
2021/5/20,61.95
2021/5/21,63.61
2021/5/24,66.13
2021/5/25,66.27
2021/5/26,66.41
2021/5/27,66.87
2021/5/28,66.31
2021/5/31,
2021/6/1,67.8
2021/6/2,68.79
2021/6/3,68.81
2021/6/4,69.57
2021/6/7,69.21
2021/6/8,70.11
2021/6/9,69.9
2021/6/10,70.34
2021/6/11,71
2021/6/14,70.94
2021/6/15,72.06
2021/6/16,72.03
2021/6/17,71.06
2021/6/18,71.64
2021/6/21,73.64
2021/6/22,73.15
2021/6/23,73.11
2021/6/24,73.31
2021/6/25,74.21
2021/6/28,72.98
2021/6/29,73.14
2021/6/30,73.52
2021/7/1,75.33
2021/7/2,75.37
2021/7/5,
2021/7/6,73.62
2021/7/7,72.22
2021/7/8,72.98
2021/7/9,74.56
2021/7/12,74.21
2021/7/13,75.24
2021/7/14,73.06
2021/7/15,71.67
2021/7/16,71.76
2021/7/19,66.45
2021/7/20,67.32
2021/7/21,70.26
2021/7/22,72.15
2021/7/23,72.24
2021/7/26,72.15
2021/7/27,71.68
2021/7/28,72.37
2021/7/29,73.62
2021/7/30,73.93
2021/8/2,71.31
2021/8/3,70.64
2021/8/4,68.19
2021/8/5,69.1
2021/8/6,68.26
2021/8/9,66.56
2021/8/10,68.33
2021/8/11,69.3
2021/8/12,69.12
2021/8/13,68.36
2021/8/16,67.44
2021/8/17,66.5
2021/8/18,65.36
2021/8/19,63.69
2021/8/20,62.25
2021/8/23,65.65
2021/8/24,67.5
2021/8/25,68.54
2021/8/26,67.42
2021/8/27,68.84
2021/8/30,69.28
2021/8/31,68.43
2021/9/1,68.63
2021/9/2,70.07
2021/9/3,69.34
2021/9/6,
2021/9/7,68.49
2021/9/8,69.36
2021/9/9,68.26
2021/9/10,69.82
2021/9/13,70.54
2021/9/14,70.53
2021/9/15,72.59
2021/9/16,72.69
2021/9/17,72.09
2021/9/20,70.41
2021/9/21,70.51
2021/9/22,72.37
2021/9/23,73.43
2021/9/24,74.18
2021/9/27,75.54
2021/9/28,75.44
2021/9/29,75.06
2021/9/30,75.22
2021/10/1,76.01
2021/10/4,77.68
2021/10/5,79.17
2021/10/6,77.66
2021/10/7,78.46
2021/10/8,79.55
2021/10/11,80.64
2021/10/12,80.75
2021/10/13,80.67
2021/10/14,81.43
2021/10/15,82.39
2021/10/18,82.62
2021/10/19,83.19
2021/10/20,84.4
2021/10/21,82.64
2021/10/22,84.53
2021/10/25,84.64
2021/10/26,85.64
2021/10/27,82.66
2021/10/28,82.78
2021/10/29,83.5
2021/11/1,84.08
2021/11/2,83.91
2021/11/3,80.82
2021/11/4,78.88
2021/11/5,81.25
2021/11/8,81.96
2021/11/9,84.12
2021/11/10,81.23
2021/11/11,81.47
2021/11/12,80.87
2021/11/15,80.85
2021/11/16,80.76
2021/11/17,78.32
2021/11/18,78.92
2021/11/19,76.11
2021/11/22,76.74
2021/11/23,78.32
2021/11/24,78.32
2021/11/25,
2021/11/26,
2021/11/29,69.88
2021/11/30,66.14
2021/12/1,65.44
2021/12/2,66.6
2021/12/3,66.39
2021/12/6,69.62
2021/12/7,71.94
2021/12/8,72.43
2021/12/9,70.87
2021/12/10,71.71
2021/12/13,71.19
2021/12/14,70.57
2021/12/15,70.89
2021/12/16,72.34
2021/12/17,70.93
2021/12/20,68.69
2021/12/21,71.1
2021/12/22,72.82
2021/12/23,73.89
2021/12/24,
2021/12/27,75.49
2021/12/28,76.01
2021/12/29,76.58
2021/12/30,76.83
2021/12/31,75.33
2022/1/3,75.99
2022/1/4,77
2022/1/5,77.83
2022/1/6,79.47
2022/1/7,79
2022/1/10,78.11
2022/1/11,81.17
2022/1/12,82.51
2022/1/13,81.97
2022/1/14,83.82
2022/1/17,
2022/1/18,85.42
2022/1/19,86.84
2022/1/20,86.29
2022/1/21,85.16
2022/1/24,84.48
2022/1/25,86.61
2022/1/26,88.33
2022/1/27,87.61
2022/1/28,87.67
2022/1/31,89.16
2022/2/1,88.22
2022/2/2,88.16
2022/2/3,90.17
2022/2/4,92.27
2022/2/7,91.25
2022/2/8,89.32
2022/2/9,89.57
2022/2/10,89.83
2022/2/11,93.1
2022/2/14,95.52
2022/2/15,92.07
2022/2/16,93.83
2022/2/17,91.78
2022/2/18,91.26
2022/2/21,
2022/2/22,92.11
2022/2/23,92.14
2022/2/24,92.77
2022/2/25,91.68
2022/2/28,96.13
2022/3/1,103.66
2022/3/2,110.74
2022/3/3,107.69
2022/3/4,115.77
2022/3/7,119.26
2022/3/8,123.64
2022/3/9,108.81
2022/3/10,105.93
2022/3/11,109.31
2022/3/14,103.22
2022/3/15,96.42
2022/3/16,94.85
2022/3/17,102.97
2022/3/18,104.69
2022/3/21,112.14
2022/3/22,111.03
2022/3/23,114.89
2022/3/24,114.2
2022/3/25,116.2
2022/3/28,107.55
2022/3/29,104.25
2022/3/30,107.81
2022/3/31,100.53
2022/4/1,99.32
2022/4/4,103.29
2022/4/5,101.98
2022/4/6,96.39
2022/4/7,96.05
2022/4/8,98.35
2022/4/11,94.22
2022/4/12,100.52
2022/4/13,104.26
2022/4/14,106.84
2022/4/15,
2022/4/18,108.24
2022/4/19,102.54
2022/4/20,102.56
2022/4/21,103.89
2022/4/22,102.86
2022/4/25,99.6
2022/4/26,102.62
2022/4/27,101.96
2022/4/28,105.47
2022/4/29,104.59
2022/5/2,105.18
2022/5/3,102.53
2022/5/4,107.84
2022/5/5,108.17
2022/5/6,109.72
2022/5/9,103.08
2022/5/10,99.74
2022/5/11,105.5
2022/5/12,106.15
2022/5/13,110.52
2022/5/16,114.07
2022/5/17,112.31
2022/5/18,109.67
2022/5/19,112.21
2022/5/20,112.63
2022/5/23,110.32
2022/5/24,112.55
2022/5/25,112.88
2022/5/26,116.19
2022/5/27,114.96
2022/5/30,
2022/5/31,114.38
2022/6/1,115.26
2022/6/2,116.88
2022/6/3,118.97
2022/6/6,118.41
2022/6/7,119.55
2022/6/8,121.94
2022/6/9,121.52
2022/6/10,120.73
2022/6/13,120.92
2022/6/14,118.92
2022/6/15,115.32
2022/6/16,117.56
2022/6/17,109.56
2022/6/20,
2022/6/21,110.49
2022/6/22,106.22
2022/6/23,105.75
2022/6/24,109.07
2022/6/27,111.44
2022/6/28,113.66
2022/6/29,111.65
2022/6/30,107.76
2022/7/1,110.3
2022/7/4,
2022/7/5,101.55
2022/7/6,100.31
2022/7/7,104.62
2022/7/8,106.78
2022/7/11,106.09
2022/7/12,97.69
2022/7/13,98.44
2022/7/14,97.79
2022/7/15,99.59
2022/7/18,104.48
2022/7/19,106.12
2022/7/20,104.45
2022/7/21,98.44
2022/7/22,97.71
2022/7/25,99.83
2022/7/26,97.74
2022/7/27,100.03
2022/7/28,99.11
2022/7/29,101.31
2022/8/1,96.59
2022/8/2,97.14
2022/8/3,93.25
2022/8/4,91.29
2022/8/5,91.77
2022/8/8,93.52
2022/8/9,93.18
2022/8/10,94.68
2022/8/11,97.02
2022/8/12,94.86
2022/8/15,92.24
2022/8/16,89.23
2022/8/17,90.85
2022/8/18,93.2
2022/8/19,93.55
2022/8/22,93.42
2022/8/23,96.46
2022/8/24,95.52
2022/8/25,93.33
2022/8/26,93.63
2022/8/29,97.4
2022/8/30,92.08
2022/8/31,90.09
2022/9/1,87.09
2022/9/2,87.29
2022/9/5,
2022/9/6,87.35
2022/9/7,82.5
2022/9/8,84.04
2022/9/9,87.27
2022/9/12,88.18
2022/9/13,87.84
2022/9/14,88.88
2022/9/15,85.72
2022/9/16,85.57
2022/9/19,86.15
2022/9/20,84.69
2022/9/21,83.38
2022/9/22,84.02
2022/9/23,79.07
2022/9/26,77.17
2022/9/27,78.91
2022/9/28,82.61
2022/9/29,81.78
2022/9/30,79.91
2022/10/3,84.05
2022/10/4,86.87
2022/10/5,88.22
2022/10/6,88.9
2022/10/7,93.07
2022/10/10,91.6
2022/10/11,89.75
2022/10/12,87.83
2022/10/13,89.59
2022/10/14,86.1
2022/10/17,86
2022/10/18,83.29
2022/10/19,86
2022/10/20,86.02
2022/10/21,85.47
2022/10/24,86.12
2022/10/25,86.93
2022/10/26,89.39
2022/10/27,89.06
2022/10/28,87.85
2022/10/31,86.54
2022/11/1,88.36
2022/11/2,90.06
2022/11/3,88.14
2022/11/4,92.58
2022/11/7,91.8
2022/11/8,88.8
2022/11/9,85.79
2022/11/10,86.52
2022/11/11,89.14
2022/11/14,85.85
2022/11/15,86.87
2022/11/16,85.62
2022/11/17,81.69
2022/11/18,80.07
2022/11/21,79.74
2022/11/22,80.83
2022/11/23,77.93
2022/11/24,
2022/11/25,76.45
2022/11/28,77.1
2022/11/29,77.96
2022/11/30,80.48
2022/12/1,81.06
2022/12/2,79.86
2022/12/5,76.83
2022/12/6,74.21
2022/12/7,71.93
2022/12/8,71.3
2022/12/9,71.05
2022/12/12,72.96
2022/12/13,75.44
2022/12/14,77.14
2022/12/15,75.89
2022/12/16,74.19
2022/12/19,75.05
2022/12/20,75.92
2022/12/21,78.17
2022/12/22,77.68
2022/12/23,79.57
2022/12/26,
2022/12/27,79.45
2022/12/28,78.89
2022/12/29,78.43
2022/12/30,80.16
2023/1/2,
2023/1/3,76.87
2023/1/4,72.82
2023/1/5,73.61
2023/1/6,73.77
2023/1/9,74.69
2023/1/10,75.11
2023/1/11,77.46
2023/1/12,78.32
2023/1/13,79.9
2023/1/16,
2023/1/17,80.25
2023/1/18,79.53
2023/1/19,80.31
2023/1/20,81.27
2023/1/23,81.62
2023/1/24,79.86
2023/1/25,79.78
2023/1/26,80.64
2023/1/27,79.73
2023/1/30,77.97
2023/1/31,78.95
2023/2/1,76.34
2023/2/2,75.87
2023/2/3,73.4
2023/2/6,74.11
2023/2/7,77.17
2023/2/8,78.47
2023/2/9,78.04
2023/2/10,79.74
2023/2/13,80.14
2023/2/14,79.08
2023/2/15,78.57
2023/2/16,78.45
2023/2/17,76.31
2023/2/20,
2023/2/21,76.28
2023/2/22,73.95
2023/2/23,75.26
2023/2/24,76.19
2023/2/27,75.57
2023/2/28,76.88
2023/3/1,77.57
2023/3/2,78.05
2023/3/3,79.62
2023/3/6,80.39
2023/3/7,77.45
2023/3/8,76.56
2023/3/9,75.6
2023/3/10,76.55
2023/3/13,74.68
2023/3/14,71.18
2023/3/15,67.38
2023/3/16,68.15
2023/3/17,66.61
2023/3/20,67.56
2023/3/21,69.4
2023/3/22,70.71
2023/3/23,69.77
2023/3/24,69.22
2023/3/27,72.87
2023/3/28,73.12
2023/3/29,72.95
2023/3/30,74.32
2023/3/31,75.68
2023/4/3,80.4
2023/4/4,80.7
2023/4/5,80.69
2023/4/6,80.7
2023/4/7,
2023/4/10,79.79
2023/4/11,81.54
2023/4/12,83.26
2023/4/13,82.16
2023/4/14,82.58
2023/4/17,80.93
2023/4/18,80.85
2023/4/19,79.18
2023/4/20,77.27
2023/4/21,77.86
2023/4/24,78.64
2023/4/25,77.05
2023/4/26,74.33
2023/4/27,74.77
2023/4/28,76.78
2023/5/1,75.65
2023/5/2,71.71
2023/5/3,68.62
2023/5/4,68.52
2023/5/5,71.32
2023/5/8,73.13
2023/5/9,73.68
2023/5/10,72.53
2023/5/11,70.81
2023/5/12,70.02
2023/5/15,71.07
2023/5/16,70.85
2023/5/17,72.78
2023/5/18,71.82
2023/5/19,71.57
2023/5/22,71.81
2023/5/23,72.87
2023/5/24,74.37
2023/5/25,71.68
2023/5/26,72.35
2023/5/29,
2023/5/30,69.45
2023/5/31,68.11
2023/6/1,70.09
2023/6/2,71.76
2023/6/5,72.14
2023/6/6,71.71
2023/6/7,72.52
2023/6/8,71.28
2023/6/9,70.16
2023/6/12,67.08
2023/6/13,69.39
2023/6/14,68.22
2023/6/15,70.61
2023/6/16,71.81
2023/6/19,
2023/6/20,70.94
2023/6/21,72.55
2023/6/22,69.22
2023/6/23,68.91
2023/6/26,69.09
2023/6/27,67.68
2023/6/28,69.54
2023/6/29,69.85
2023/6/30,70.66
2023/7/3,69.71
2023/7/4,
2023/7/5,71.78
2023/7/6,71.76
2023/7/7,73.91
2023/7/10,73.05
2023/7/11,74.87
2023/7/12,75.77
2023/7/13,76.86
2023/7/14,75.44
2023/7/17,74.17
2023/7/18,75.76
2023/7/19,75.4
2023/7/20,75.65
2023/7/21,77.06
2023/7/24,78.81
2023/7/25,79.76
2023/7/26,79.11
2023/7/27,80.17
2023/7/28,80.55
2023/7/31,81.8
2023/8/1,81.37
2023/8/2,79.5
2023/8/3,81.56
2023/8/4,82.76
2023/8/7,81.94
2023/8/8,82.94
2023/8/9,84.35
2023/8/10,82.81
2023/8/11,83.17
2023/8/14,82.5
2023/8/15,81.06
2023/8/16,79.4
2023/8/17,80.43
2023/8/18,81.25
2023/8/21,80.71
2023/8/22,80.25
2023/8/23,78.91
2023/8/24,79.52
2023/8/25,80.47
2023/8/28,80.65
2023/8/29,81.14
2023/8/30,81.64
2023/8/31,83.55
2023/9/1,85.52
2023/9/4,
2023/9/5,86.74
2023/9/6,87.55
2023/9/7,86.87
2023/9/8,87.51
2023/9/11,87.3
2023/9/12,88.87
2023/9/13,88.59
2023/9/14,90.13
2023/9/15,90.83
2023/9/18,91.47
2023/9/19,91.16
2023/9/20,89.2
2023/9/21,89.56
2023/9/22,90
2023/9/25,89.68
2023/9/26,91.43
2023/9/27,93.67
2023/9/28,91.65
2023/9/29,90.77
2023/10/2,88.81
2023/10/3,89.26
2023/10/4,84.32
2023/10/5,82.3
2023/10/6,82.83
2023/10/9,
2023/10/10,85.89
2023/10/11,83.7
2023/10/12,82.87
2023/10/13,87.67
2023/10/16,86.65
2023/10/17,86.66
2023/10/18,88.35
2023/10/19,89.35
2023/10/20,89.12
2023/10/23,85.49
2023/10/24,84.58
2023/10/25,86.07
2023/10/26,83.8
2023/10/27,86.04
2023/10/30,83.03
2023/10/31,81.64
2023/11/1,81.05
2023/11/2,83.04
2023/11/3,81.19
2023/11/6,81.54
2023/11/7,77.96
2023/11/8,75.85
2023/11/9,76.34
2023/11/10,
2023/11/13,78.86
2023/11/14,78.9
2023/11/15,77.15
2023/11/16,73.5
2023/11/17,76.47
2023/11/20,78.1
2023/11/21,78.35
2023/11/22,76.8
2023/11/23,
2023/11/24,74.83
2023/11/27,74.46
2023/11/28,76.09
2023/11/29,77.56
2023/11/30,75.66
2023/12/1,73.7
2023/12/4,72.73
2023/12/5,71.95
2023/12/6,68.98
2023/12/7,69
2023/12/8,70.87
2023/12/11,70.95
2023/12/12,68.27
2023/12/13,69.09
2023/12/14,71.21
2023/12/15,71.05
2023/12/18,72.16
2023/12/19,73.23
2023/12/20,73.87
2023/12/21,73.59
2023/12/22,73.29
2023/12/25,
2023/12/26,75.84
2023/12/27,74.31
2023/12/28,72.02
2023/12/29,71.89
2024/1/1,
2024/1/2,70.62
2024/1/3,72.97
2024/1/4,72.38
2024/1/5,74
2024/1/8,71.06
2024/1/9,72.43
2024/1/10,71.57
2024/1/11,72.15
2024/1/12,72.94
2024/1/15,
2024/1/16,72.63
2024/1/17,72.79
2024/1/18,74.32
2024/1/19,73.69
2024/1/22,75.26
2024/1/23,74.72
2024/1/24,75.48
2024/1/25,77.91
2024/1/26,78.45
2024/1/29,77.25
2024/1/30,78.3
2024/1/31,76.28
2024/2/1,74.36
2024/2/2,72.72
2024/2/5,73.21
2024/2/6,73.83
2024/2/7,74.26
2024/2/8,76.67
2024/2/9,77.26
2024/2/12,77.34
2024/2/13,78.28
2024/2/14,77.09
2024/2/15,78.47
2024/2/16,79.65
2024/2/19,
2024/2/20,78.72
2024/2/21,78.89
2024/2/22,79.64
2024/2/23,77.6
2024/2/26,78.53
2024/2/27,79.8
2024/2/28,79.44
2024/2/29,79.22
2024/3/1,80.9
2024/3/4,79.67
2024/3/5,79.11
2024/3/6,80.08
2024/3/7,79.81
2024/3/8,78.96
2024/3/11,78.87
2024/3/12,78.51
2024/3/13,80.67
2024/3/14,82.16
2024/3/15,81.94
2024/3/18,83.68
2024/3/19,84.39
2024/3/20,82.79
2024/3/21,81.99
2024/3/22,81.1
2024/3/25,82.41
2024/3/26,82.41
2024/3/27,82.15
2024/3/28,83.96
2024/3/29,
2024/4/1,84.54
2024/4/2,85.95
2024/4/3,86.22
2024/4/4,87.37
2024/4/5,87.69
2024/4/8,87.24
2024/4/9,86.04
2024/4/10,86.98
2024/4/11,85.79
2024/4/12,86.46
2024/4/15,86.21
2024/4/16,86.15
2024/4/17,83.58
2024/4/18,83.5
2024/4/19,83.79
2024/4/22,83.82
2024/4/23,84.17
2024/4/24,84.09
2024/4/25,84.92
2024/4/26,85.38
2024/4/29,84.26
2024/4/30,83.49
2024/5/1,80.7
2024/5/2,80.59
2024/5/3,79.65
2024/5/6,80.1
2024/5/7,79.97
2024/5/8,80.57
2024/5/9,80.86
2024/5/10,79.81
2024/5/13,80.71
2024/5/14,79.62
2024/5/15,80.23
2024/5/16,80.85
2024/5/17,81.66
2024/5/20,81.39
2024/5/21,80.66
2024/5/22,79.15
2024/5/23,77.47
2024/5/24,78.48
2024/5/27,
2024/5/28,80.9
2024/5/29,80.24
2024/5/30,78.96
2024/5/31,77.97
2024/6/3,75.26
2024/6/4,74.27
2024/6/5,75.08
2024/6/6,76.52
2024/6/7,76.53
2024/6/10,78.75
2024/6/11,78.88
2024/6/12,79.56
2024/6/13,79.61
2024/6/14,79.41
2024/6/17,81.33
2024/6/18,82.67
2024/6/19,
2024/6/20,83.34
2024/6/21,81.71
2024/6/24,82.63
2024/6/25,81.97
2024/6/26,82.19
2024/6/27,83.04
2024/6/28,82.83
2024/7/1,84.7
2024/7/2,84.09
2024/7/3,85.19
2024/7/4,
2024/7/5,84.44
2024/7/8,83.63
2024/7/9,82.78
2024/7/10,83.39
2024/7/11,83.92
2024/7/12,83.49
2024/7/15,83.22
2024/7/16,81.92
2024/7/17,84.16
2024/7/18,84.17
2024/7/19,81.43
2024/7/22,81.25
2024/7/23,78.24
2024/7/24,78.78
2024/7/25,79.43
2024/7/26,78.58
2024/7/29,77.27
2024/7/30,76.17
2024/7/31,79.36
2024/8/1,77.74
2024/8/2,74.99
2024/8/5,74.46
2024/8/6,74.6
2024/8/7,76.68
2024/8/8,77.64
2024/8/9,78.28
2024/8/12,81.45
2024/8/13,79.81
2024/8/14,78.47
2024/8/15,79.66
2024/8/16,78.05
2024/8/19,75.82
2024/8/20,75.27
2024/8/21,72.76
2024/8/22,73.72
2024/8/23,75.82
2024/8/26,78.4
2024/8/27,76.5
2024/8/28,75.49
2024/8/29,76.9
2024/8/30,74.52
2024/9/2,
2024/9/3,71.28
2024/9/4,70.11
2024/9/5,70.09
2024/9/6,68.58
2024/9/9,69.65
2024/9/10,66.73
2024/9/11,68.25
2024/9/12,69.89
2024/9/13,69.59
2024/9/16,71.1
2024/9/17,72.16
2024/9/18,71.87
2024/9/19,72.86
2024/9/20,72.72
2024/9/23,71.33
2024/9/24,72.34
2024/9/25,70.42
2024/9/26,68.28
2024/9/27,68.72
2024/9/30,68.75
2024/10/1,70.41
2024/10/2,70.74
2024/10/3,74.33
2024/10/4,74.93
2024/10/7,77.76
2024/10/8,74.26
2024/10/9,73.85
2024/10/10,76.46
2024/10/11,76.11
2024/10/14,
2024/10/15,71.22
2024/10/16,70.97
2024/10/17,71.26
2024/10/18,69.78
2024/10/21,71.16
2024/10/22,72.84
2024/10/23,71.37
2024/10/24,70.58
2024/10/25,72.02
2024/10/28,67.65
2024/10/29,67.48
2024/10/30,68.91
2024/10/31,69.58
2024/11/1,69.81
2024/11/4,71.83
2024/11/5,72.26
2024/11/6,71.98
2024/11/7,72.69
2024/11/8,70.69
2024/11/11,
2024/11/12,68.43
2024/11/13,68.76
2024/11/14,68.99
2024/11/15,67.33
2024/11/18,69.46
2024/11/19,69.75
2024/11/20,69.25
2024/11/21,70.39
2024/11/22,71.68
2024/11/25,69.41
2024/11/26,69.05
2024/11/27,69.03
2024/11/28,
2024/11/29,68.26
2024/12/2,68.35
2024/12/3,70.15
2024/12/4,68.81
2024/12/5,68.58
2024/12/6,68.58
2024/12/9,68.65
2024/12/10,68.85
2024/12/11,70.57
2024/12/12,70.25
2024/12/13,71.54
2024/12/16,71.03
2024/12/17,70.31
2024/12/18,70.8
2024/12/19,70.1
2024/12/20,69.71
2024/12/23,69.5
2024/12/24,70.87
2024/12/25,
2024/12/26,70.38
2024/12/27,71.28
2024/12/30,71.73
2024/12/31,72.44
2025/1/1,
2025/1/2,73.79
2025/1/3,74.64
2025/1/6,74.31
2025/1/7,74.99
2025/1/8,73.99
2025/1/9,
2025/1/10,77.27
2025/1/13,79.57
2025/1/14,78.2
2025/1/15,80.73
2025/1/16,79.35
2025/1/17,78.56
2025/1/20,
2025/1/21,76.79
2025/1/22,76.12
2025/1/23,75.03
2025/1/24,74.97
2025/1/27,73.51
2025/1/28,74.15
2025/1/29,72.94
2025/1/30,73.1
2025/1/31,72.84
2025/2/3,73.52
2025/2/4,73.04
2025/2/5,71.39
2025/2/6,70.97
2025/2/7,71.32
2025/2/10,72.73
2025/2/11,73.67
2025/2/12,71.72
2025/2/13,71.66
2025/2/14,71.05
2025/2/17,
2025/2/18,72.21
2025/2/19,72.58
2025/2/20,72.88
2025/2/21,70.72
2025/2/24,71.06
2025/2/25,69.15
2025/2/26,68.87
2025/2/27,70.62
2025/2/28,69.97
2025/3/3,68.63
2025/3/4,68.47
2025/3/5,66.58
2025/3/6,66.62
2025/3/7,67.29
2025/3/10,66.31
2025/3/11,66.52
2025/3/12,67.65
2025/3/13,66.82
2025/3/14,67.43
2025/3/17,67.84
2025/3/18,67.49
2025/3/19,67.4
2025/3/20,68.55
2025/3/21,68.52
2025/3/24,69.46
2025/3/25,69.48
2025/3/26,70.05
2025/3/27,70.3
2025/3/28,69.74
2025/3/31,71.87
2025/4/1,71.61
2025/4/2,72.12
2025/4/3,67.43
2025/4/4,62.42
2025/4/7,61.05
2025/4/8,60.04
2025/4/9,62.63
2025/4/10,60.57
2025/4/11,61.91
2025/4/14,61.99
2025/4/15,61.74
2025/4/16,62.88
2025/4/17,65.07
2025/4/18,
2025/4/21,63.48
2025/4/22,64.6
2025/4/23,62.64
2025/4/24,63.55
2025/4/25,63.85
2025/4/28,63.3
2025/4/29,61.84
2025/4/30,59.55
2025/5/1,60.59
2025/5/2,59.67
2025/5/5,58.5
2025/5/6,60.42
2025/5/7,59.42
2025/5/8,61.25
2025/5/9,62.37
2025/5/12,63.32
2025/5/13,65.04
2025/5/14,64.48
2025/5/15,63.03
2025/5/16,63.84
2025/5/19,63.98
2025/5/20,63.97
2025/5/21,62.93
2025/5/22,62.55
2025/5/23,62.89
2025/5/26,
2025/5/27,61.61
2025/5/28,62.54
2025/5/29,61.66
2025/5/30,61.46
2025/6/2,63.27
2025/6/3,64.1
2025/6/4,63.57
2025/6/5,64.06
2025/6/6,65.3
2025/6/9,65.99
2025/6/10,65.66
2025/6/11,68.91
2025/6/12,68.73
2025/6/13,73.84
2025/6/16,72.53
2025/6/17,75.62
2025/6/18,75.89
2025/6/19,
2025/6/20,75.72
2025/6/23,69.36
2025/6/24,65.45
2025/6/25,65.98
2025/6/26,66.44
2025/6/27,66.66
2025/6/30,66.3
2025/7/1,66.64
2025/7/2,68.66
2025/7/3,68.13
2025/7/4,
2025/7/7,69.16
2025/7/8,69.55
2025/7/9,69.61
2025/7/10,67.78
2025/7/11,69.63
2025/7/14,68.19
2025/7/15,67.76
2025/7/16,67.13
2025/7/17,68.76
2025/7/18,68.53
2025/7/21,68.39
2025/7/22,67.56
2025/7/23,66.05
2025/7/24,67.16
2025/7/25,66.38
2025/7/28,67.81
2025/7/29,70.27
2025/7/30,71.09
2025/7/31,70.36
2025/8/1,68.39
2025/8/4,67.33
2025/8/5,66.2
2025/8/6,65.38
2025/8/7,64.9
2025/8/8,64.94
2025/8/11,65.03
2025/8/12,64.22
2025/8/13,63.68
2025/8/14,64.99
2025/8/15,63.78
2025/8/18,64.51
2025/8/19,63.38
2025/8/20,64.19
2025/8/21,64.56
2025/8/22,64.08
2025/8/25,65.18
2025/8/26,63.6
2025/8/27,64.49
2025/8/28,64.96
2025/8/29,64.36
2025/9/1,
2025/9/2,65.95
2025/9/3,64.36
2025/9/4,63.81
2025/9/5,62.22
2025/9/8,62.6
2025/9/9,62.97
2025/9/10,64.01
2025/9/11,62.71
2025/9/12,63.02
2025/9/15,63.66
2025/9/16,64.89
2025/9/17,64.41
2025/9/18,63.91
2025/9/19,63.02
2025/9/22,62.99
2025/9/23,63.76
2025/9/24,65.4
2025/9/25,65.51
2025/9/26,66.5
2025/9/29,64.27
2025/9/30,63.17
2025/10/1,62.59
2025/10/2,61.28
2025/10/3,61.65
2025/10/6,62.49
2025/10/7,62.52
2025/10/8,63.37
2025/10/9,62.36
2025/10/10,59.75
2025/10/13,
2025/10/14,59.52
2025/10/15,59.08
2025/10/16,58.29
2025/10/17,58.3
2025/10/20,58.34
2025/10/21,58.66
2025/10/22,59.3
2025/10/23,62.44
2025/10/24,62.27
2025/10/27,62.13
2025/10/28,60.97
2025/10/29,61.26
2025/10/30,61.36
2025/10/31,61.75
2025/11/3,61.79
2025/11/4,61.38
2025/11/5,60.4
2025/11/6,60.24
2025/11/7,60.54
2025/11/10,60.94
2025/11/11,
2025/11/12,59.3
2025/11/13,59.54
2025/11/14,60.87
2025/11/17,60.66
2025/11/18,61.51
2025/11/19,60.27
2025/11/20,60.07
2025/11/21,58.86
2025/11/24,59.11
2025/11/25,58.25
2025/11/26,58.81
2025/11/27,
2025/11/28,58.58
2025/12/1,59.47
2025/12/2,58.81
2025/12/3,59.09
2025/12/4,59.82
2025/12/5,60.23
2025/12/8,59.04
2025/12/9,58.4
2025/12/10,58.67
2025/12/11,57.76
2025/12/12,57.61
2025/12/15,56.97
2025/12/16,55.44
2025/12/17,56.07
2025/12/18,56.22
2025/12/19,56.8
2025/12/22,58.18
2025/12/23,58.55
2025/12/24,58.72
2025/12/25,
2025/12/26,56.6
2025/12/29,57.89
2025/12/30,57.79
2025/12/31,57.26
